title	id	len
カーライル博物館	jp 0	6717
jp 1	jp 1	1442
コンラッドの描きたる自然について	jp 2	1519
学者と名誉	jp 3	1744
一夜	jp 4	6030
作物の批評	jp 5	6409
『心』予告	jp 6	97
イズムの功過	jp 7	1547
三山居士	jp 8	1748
『吾輩は猫である』下篇自序	jp 9	437
硝子戸の中	jp10	53097
薤露行	jp11	20019
永日小品	jp12	49815
『吾輩は猫である』中篇自序	jp13	1996
思い出す事など	jp14	55678
『吾輩は猫である』上篇自序	jp15	774
jp 16	jp16	5150
『心』自序	jp17	496
jp 18	jp18	1645
私の個人主義	jp19	23280
倫敦塔	jp20	13760
琴のそら音	jp21	21061
jp 22	jp22	4091
倫敦消息	jp23	18915
jp 24	jp24	2617
余と万年筆	jp25	2733
模倣と独立	jp26	20429
明治座の所感を虚子君に問れて	jp27	2468
夢十夜	jp28	16237
無題	jp29	5877
吾輩は猫である	jp30	313484
マードック先生の『日本歴史』	jp31	3183
正岡子規	jp32	3358
変な音	jp33	3796
僕の昔	jp34	3005
満韓ところどころ	jp35	73587
門	jp36	140984
文鳥	jp37	10580
文壇の趨勢	jp38	3082
變な音	jp39	3645
幻影の盾	jp40	22071
道草	jp41	150928
jp 42	jp42	3653
明暗	jp43	333716
文芸の哲学的基礎	jp44	48628
jp 45	jp45	3081
坊っちゃん	jp46	88051
文芸とヒロイツク	jp47	1711
門	jp48	121879
文芸と道徳	jp49	16570
中味と形式	jp50	15456
博士問題とマードック先生と余	jp51	4819
jp 52	jp52	2073
猫の広告文	jp53	172
『煤煙』の序	jp54	1866
二百十日	jp55	30865
野分	jp56	96160
彼岸過迄	jp57	195426
「額の男」を讀む	jp58	3167
文芸委員は何をするか	jp59	5167
博士問題の成行	jp60	1549
長谷川君と余	jp61	4531
『それから』予告	jp62	166
「土」に就て	jp63	4216
田山花袋君に答う	jp64	1400
jp 65	jp65	4153
jp 66	jp66	6658
艇長の遺書と中佐の詩	jp67	1637
それから	jp68	176037
点頭録	jp69	12739
道楽と職業	jp70	16978
『東洋美術図譜』	jp71	1842
jp 72	jp72	1440
『傳説の時代』序	jp73	2194
手紙	jp74	12032
鈴木三重吉宛書簡―明治三十九年	jp75	8263
それから	jp76	172085
西洋にはない	jp77	314
戦争からきた行き違い	jp78	471
創作家の態度	jp79	64623
自転車日記	jp80	8099
人生	jp81	3593
初秋の一日	jp82	1660
処女作追懐談	jp83	3366
写生文	jp84	5535
趣味の遺伝	jp85	37731
子規の畫	jp86	1575
子規の画	jp87	1627
『心』広告文	jp88	45
現代日本の開化	jp89	18326
ケーベル先生	jp90	3214
ケーベル先生の告別	jp91	1538
こころ	jp92	163115
坑夫	jp93	140800
『三四郎』予告	jp94	233
「自然を寫す文章」	jp95	1349
行人	jp96	227381
京に着ける夕	jp97	3963
鬼哭寺の一夜	jp98	17
虚子君へ	jp99	3398
京に着ける夕	jp100	3947
教育と文芸	jp101	6788
草枕	jp102	84311
三四郎	jp103	174462
jp 104	jp104	3436
虞美人草	jp105	200761
