seatno	assignment	score	grade	comment
001	W07	179	71	  本週的講師介紹的主題是Azure Data Services – SQL & NoSQL。講師一開始介紹自己的經歷，也給同學一些進入職場的建議，相對於沈悶的演講，我更喜歡聆聽講師職場經驗的分享。同時講師也介紹了Azure 遠端資料庫（Paas）的好處、關聯式資料庫（DBMS）、非關聯式資料庫（NoSql），最後帶著同學一起實作。  本週聽到也學到了許多新的名詞，讓我深深覺得資訊科技日新月異，我們需要學習的東西還多麽的多！  
002	W07	231	92	  本周的企業雲端應用趨勢與實務課程主要講的是NoSQL，而NoSQL是對不同於傳統的關聯式資料庫的資料庫管理系統的統稱。 兩者存在許多顯著的不同點，其中最重要的是NoSQL不使用SQL作為查詢語言。 其資料儲存可以不需要固定的表格模式，也經常會避免使用SQL的JOIN操作，一般有水平可延伸性的特徵。資料庫管理對於一家公司而言是非常重要的，若能好好學習這方面的相關資訊，想必對以後的工作是有很大的幫助，大三的時候就已經學過了一些，希望透過今天可以更精進資料庫的操作，也謝謝講師的用心演講。  
003	W07	204	83	  藉由講述自己的經歷於，微軟不只只從事過一個職位，在其他職位更學學習到不同以往的知識與經驗，並表達了出社會後態度的重要，更重要的是做人而不只是單單的做事，PPT顯示了客戶現今遇到的挑戰，不管是BigData、AI，硬體成本，效能以及維運不易等等的困難，讓我們大概了解iaas和platform的功能，說明Azure雲端資料庫的好處(Paas)，讓前面客戶現今遇到的挑戰一一獲得解決，例如:無須硬體成本、彈性效能擴展、全球靈活部屬、智能化維護，系統三層式架構的說明，關聯式資料庫的細說，利用多個Table做關聯，再用SQL來使用，與非關聯式資料庫的不同，實作  
004	W07	202	82	  這禮拜的講師名字叫做Justin. 他主要講解的能容是Azure Data Platform。數位時代的來臨，數據資料決定一切。企業資料越來越多樣化，也讓企業面臨更多硬體成本，效能低落，快速全球部屬，維運不易的挑戰。Azure提供無須硬體成本，彈性效能擴展，全球靈活部屬，智能化維運的優勢。縮短的資料處理速度。  關聯式資料庫建立在關聯模型基礎上的資料庫，藉助於集合代數等數學概念和方法來處理資料庫中的資料。現實世界中的各種實體以及實體之間的各種聯絡均用關聯模型來表示。很多人可以用 可用SQL語法來找出資料，用2/3個table連接。  非關聯式資料庫是使用針對所要儲存之資料類型的特定需求所最佳化的儲存體模型。比方說， 資料可能會儲存為簡單的索引鍵/值組、JSON 文件，或包含邊緣和頂點的圖表。這些資料存放區的共通點是它們都未使用關聯式模式。依客戶需求做出來的概念，解決企業問題。  
005	W07	202	82	  介紹Azure雲端資料庫 (PaaS) 好處  介紹關聯式資料庫: 關聯式資料庫是一組資料項目，項目之間具有預先定義的關係。表格會儲存資料庫中所要表示的物件的相關資訊。  介紹非關聯式資料庫: 這種資料庫不會使用可在大部分傳統資料庫系統中看到的表格式資料列和資料行結構描述。資料可能會儲存為簡單的索引鍵/值組、JSON 文件，或包含邊緣和頂點的圖表。  今天的SQL Database具有內建的高可用性、備份和其他常見的維護作業。 Microsoft 會處理所有的 SQL 和作業系統程式碼修補和更新。 您不需要管理基礎結構。  我暫時覺得phpMyAdmin的資料庫比較方便，一個html網站只要用4~5行php語法就可以連線database，只要設定好database的資料表與欄位，就可以在html網頁上進行新增，刪除，修改。所以目前對我來說，我會覺得phpMyAdmin的資料庫那個比較方便，只是可能安全性偏低而已。  
006	W07	163	64	  關於一個資料的專業度，包含real-time 分析，或者是行動裝置的app 都比使用安裝於NoSQL(NOT ONLY SQL)的non-real-time 分析的儲存裝置選擇好，而事實NoSQL的資料庫傳統上來說是建立分散和部分穿插許多伺服器上，他們是建置於被使用高獲取姓和彈性，足夠去處理半結構化的和非結構化的資料，如果你有資料模型持續性的包含在裡面而你想要更快速的運行，這就是你所需要的資料庫。在這個課程裡，去完成階段性的實際操作，和最後的考試，去參與專家們學習如何NoSQL，尋求更多關於non- real-time的存取裝置在Azure裡頭。  
007	W07	243	98	  當聽到資料庫時有吸引到我的注意，因為當時在做專題時我們組員們在關聯式資料庫與非關聯式資料庫之間徘徊，到底要使用哪一個，而且也不清楚兩個之間的概念與做法到底差在哪裡，所以我們最後還是使用我們自己比較熟悉的關聯式資料庫，到了今天，才聽到講師說明了，並不是所有的專案都適合NoSQL，NoSQL 適合的一點是搜集數據，例如很多手機都會偷偷搜集資料並回傳，做一些數據分析，這時欄位會有很多個，而且一旦你想要儲存新的追蹤資訊的時候，你就必須去改一次資料庫，這是很麻煩的行為。  
008	W07	236	96	  講師說現今客戶遇到的挑戰就是「大數據」，工作上的職缺也一直都有，因為資料取決於一切，不再是只靠經驗就可以，必須要有數據去分析、做決策，所以如果有往這方面卻鑽研其實是很吃香的！聽完講師的介紹跟他的經驗分享後，就好希望自己對於大數據是擅長的哈哈。  課程還有詳細介紹資料庫，因為本身以後也想走管理資料庫的方面，大三時學過就覺得還滿好玩的，所以這次講師在介紹時也比較聽得懂是在說什麼，這一次資料庫的實作也比以前看得懂在幹嘛，可能是因為有一點點的基礎概念吧！製作專題實也有用到資料庫，感覺多學幾種不同的也不錯！  
009	W07	218	87	  這禮拜的講座是在講SQL server和資料庫的介紹，經過了這麼多個禮拜真的覺得Azure的功能真的比我想像的還要多，感覺甚麼功能都有，就像哆啦A夢的百寶袋一樣。  這次的講座課除了講師在講的SQL server和資料庫有印象外，還有一個我最有印象的是講師講過的一句話，”打工要打在對的時間”，剛好最近我一直在猶豫打工的事情，這困擾了我很久，到底這個時間打工好不好或適不適合，聽完講師說完這句話就覺得其實並不一定要逼自己去找打工，好好做好目前該做的事就好，有多餘的時間或想透過打工累積經驗再去找其實也不遲。  
010	W07	195	80	  經過這禮拜的講者介紹完Azure SQL Database Service之後，我明白了Azure SQL Database 是一般用途的關係資料庫，以受控服務形式提供。 有了此功能，我可以在 Azure 中的應用程式和解決方案建立高度可用且高效能的資料儲存層。 SQL Database 可以是適用于各種新式雲端應用程式的正確選擇，因為它可讓我有辦法處理關聯式資料和非關聯式結構。可以使用安全且完全受控之企業級資料庫服務的組合，享有開放原始碼資料庫引擎的支援，以支援急速成長，並省下更多時間來進行創新。跟著講師動手實作之後，也對操作熟練許多。  
011	W07	180	72	  這次的上課內容，是有關Azure 的SQL database，並且介紹該怎麼使用以及Azure 能帶來什麼好處。經過這次上課雖然還不是很了解Azure SQL database確切的用法。但是，回朔到幾個禮拜前，那時我還不清楚Azure的功用，對Azure仍然一無所知，現在至少慢慢知道Azure在幹嘛了，以及透過課堂學習慢慢了解到裡面的功能，雖然不能說對每一個功能都聊若指掌，但至少有個概念了。  而且今天的講師非常的用心教導大家，上課時也分享很多出社會後的心路歷程，我覺得這些對我的幫助很大，講師也很關心的問大家有沒有問題，覺得今天的內容滿豐富的。  
012	W07	185	76	  在這堂課企業雲端應用趨勢與實務中，今天10月22日邀請到微軟的李御安講師進行演講，延續上次的Azure的介紹，今天主要在介紹微軟Azure的資料庫，一開始講師問了大家有學過那些資料庫的軟體或是語言，例如SQL server、MySQL等…然後因為也些檔案太多所以講師很好心的已經放在網站上給我們下載使用，接下來講師繼續教我們如何在微軟的Azure使用雲端的SQL，後來講師還教用哪些方式可以更快速的找到資料以及比較，今天講師主要是在講解雲端資料庫的功能跟介紹。  
013	W07	165	65	  老師的台風穩健，說的話很中聽，讓人了解現在科技離不開雲端服務，甚至連生活都不行，藉此強調今天的主題Azure data platform的重要性。  講師講解了SQL和NOSQL各自的特點，關於這部分我還是挺感興趣的，因為我自己在做專題時就有在抉擇該使用哪種資料庫比較好，最後我們還是決定使用了NOSQL所帶來的方便，但後來也碰到很多SQL不會碰到的問題，所以若能更加瞭解其中的特點，或許未來在選擇資料庫時能更加考慮到全方面的問題。  而且Azure data platform是雲端資料庫，因此不會佔據到自己的電腦硬碟，還是相當方便的，講師也一步步老師的台風穩健，說的話很中聽，讓人了解現在科技離不開雲端服務，甚至連生活都不行，藉此強調今天的主題Azure data platform的重要性。  
014	W07	242	97	  今天是李御安講師來為我們上課，講師說在大學的階段「實習」跟「社團」是最重要的，大學生活跟過程很重要，參加社團可以訓練你的處理能力，主管在意的是看你學到甚麼，實習可以跟將來出社會接軌，大學打工很正常，但要打到對的地方，講師有說到一句話「永遠不要怕錯誤」，這句話我覺得說得很對，剛出社會不熟悉公司的操作，難免都會失誤的，失敗為成功之母，知道哪裡錯下次就會記得了，而且要勇於發問，不懂的地方趕快問同事或主管，與其在那邊自己摸索拖時間，不如勇敢地問。啊!講師說有一句話是最重要的「出社會做人比做事重要」，叫我們一定記得的。  
015	W07	157	63	  我覺得講師講的很有道理，在大學畢業前應該要累積一些實習的能力，除了可以更了解未來的方向外還可以增加自己的工作能力。未來希望在大學畢業前我也能找到適合自己相關科系的實習機會。現今是大數據分析時代，雲端計算硬碟也是現今數位時代的領頭羊，幾乎各個公司、學校甚至政府機關都會用到，而Microsoft Azure有多個NoSQL（或“ Not Only SQL”）非關係數據存儲選項可供選擇。構建旨在橫向擴展以實現高可用性，並且足夠靈活以處理半結構化和非結構化數據。物聯網和移動應用程序的情形，與關係數據庫相比，NoSQL存儲和計算解決方案可以更好地解決。雲端資料庫讓客戶可以更專注於企業應用的開發。  
017	W07	192	78	  這週的講師講述Azure Data Services – SQL & NoSQL。資料庫一直以來都是開發中重要的一個要素，簡而言之可視為電子化的檔案櫃——儲存電子檔案的處所，使用者可以對檔案中的資料執行新增、擷取、更新、刪除等操作。所謂「資料庫」係以一定方式儲存在一起、能予多個用戶共用、具有儘可能小的冗餘度、與應用程式彼此獨立的資料集合。一個資料庫由多個表空間構成。而NoSQL 資料庫也稱為「非關聯式」、「NoSQL DB」或「非 SQL」，以強調它們能夠以不同於關聯式 (SQL) 資料庫 (利用資料列和資料表) 的方式，來處理大量快速變化的非結構化資料。第二堂課講師才教導我們如何一步一步的啟動Azure Data Services，讓我們能夠詳細的了解。  
018	W07	230	90	  今天的課程主題是Azure Data Services，隨著科技的進步、資訊量也漸漸變的龐大，資料庫面臨了成本、效能等原因的挑戰，雲端的出現解決了這些問題，而微軟也致力於提供這項服務給客戶。  因為過往的教育經驗，導致我對資料庫的印象不是很好，也一直是我所排斥接觸的項目，本來以為可以在這堂課上再次重新認識它，但看來時間還是相當的有限，這次課程我覺得最可惜的地方就是因為時間因素，所以演講者並無法帶領我們完成完整的服務架設，而且演講者有時候動作太快，來不及跟上步驟，感覺非常可惜。  
019	W07	182	74	  一開始講師介紹了他的工作經歷，告訴我們一些做事情的態度，也給我們了一些建議。並且告訴我們一些雲端的好處像是不需要硬體成本、或是彈性效能能擴展等等好處，也順便幫我們複習了之前所教的一些相關知識。  在課程中講師還有提到，關聯是資料庫像是MS SQL或MY SQL的特性，藉助於集合代數等數學概念和方法來處理資料庫中的資料和非關聯式資料庫使用針對所要儲存之資料類型的特定需求所最佳化的儲存體模型的差別。也把這兩種資料庫作比較讓我們知道我們什麼時候應該用什麼樣的資料庫比較適合。  最後講師分析了現階段公司和老闆最喜歡的形式供我們參考也是我們更加了解目前外在的狀況。  
020	W07	230	90	  這次講師所帶來的演講是Azure的雲端資料庫，首先講師先講述了他過往的實習經歷以及在業界的為人處事態度，其實學期快過一半了，也聽了滿多位不同的講師，進微軟實習真的是個很棒的選擇，外加講師們在大學時期各個對於自己的未來規劃都很早就有想法，能有機會聽到許多相對年輕的社會人士分享經驗，收獲相當多。  那這次講師其實比較著重在介紹資料庫的概念和在業界的重要性，以及SQL與NoSQL兩者間的差異，我覺得雖然這堂課主要還是著重在Azure的操作體驗，畢竟有免費資源可用機會難得，但今天的講師對於資料庫的介紹相當的詳細，還包括了現在業界的狀況，能更加全面性的了解到資料庫的實際應用。  
021	W07	194	80	  這次講師叫做李老師，介紹了Azure 雲端資料庫 (PaaS) 的好處，包括無須無須硬體成本，彈性效能擴展，全球靈活部署，智能化維運，也介紹了關聯式和非關聯式的系統資料庫。提到了現今企業老闆對於資料庫的基本要求，必須高效能其中資料安全性是一定要的，還必須兼顧高可用性，有時因應業務需求，需要擁有彈性，因此比較了雲端資料庫與傳統企業自建的資料庫，雲端資料庫不只擁有傳通資料庫的優點，更是擁有傳統資料庫所沒有的成本低廉這項最大優勢。因此今天介紹的Azure 雲端關聯式資料就是一個非常實用的資料庫  
022	W07	237	96	  透過今天這堂課，我才知道微軟除了最知名的Office系列和Windows以外，其實也有防毒軟體等其他服務，而現在Azure則是微軟非常重要的一項服務，其中包含的範疇非常廣，今天主要介紹資料庫的部分，第一堂課主要是由講師講解相關內容，講到為何資料庫的重要性，由於現在為大數據時代，所以最重要的是數據，例如人工智能若沒有大量數據，則將無法運算，資料庫若其中沒有資料，那也相當於空殼。  在第二節課則是比較實作的性質，講師帶我們建立resourse group。  今天除了課程以外講師也有分享其他事，大學時期有空可以去參加社團或找實習，時期可以提前跟企業接軌了解企業環境，而社團部分則是要能說明自己在社團學到了甚麼，公司不會在乎你社團玩得多麼精彩，重點是我們能在玩社團的過程中獲取哪些能力並能應用在工作上。  
023	W07	139	62	  這禮拜的Azure是以上禮拜的機器人內容為根基更加進階的介紹機器人服務。透過課堂中的介紹我們了解到藉由Azure的雲端整合服務，我們可以把爬蟲、資料分析、知識庫和機器人的QA系統直接一口氣做出來，簡單建置一個問題回答系統。過去需要花許多時間製作的功能都被完整的包成一個功能，讓我們開發機器人的難度大幅降低。此外，課程的後半講師也再一次帶著我們建立簡單的機器人，並且為我們示範了更為複雜的判斷與回答功能。透過這堂課的實際體驗，我更了解了Azure的使用。  
024	W07	153	62	  SQL (Structured Query Language) databases (Relational Databases) 成為主要的資料儲存機制已經持續了 40 年以上，在 1990s 後期更因為 web application 的發展與開源專案的觀念興起而被大量的使用，這類型的資料庫包含 MySQL, PostgreSQL, and SQLite.  NoSQL databases (Non-relational Databases) 則在 1960s 年代就存在，但一直到了最近隨著 MongoDB, CouchDB, Redis and Apache Cassandra 等 NoSQL databases 的發展才逐漸熱門起來  在網路上我們可以找到一些文章在解釋如何使用 SQL/NoSQL 的某些功能或特性，但較少提到為何你該選擇 SQL/NoSQL 而非另外一個  在這篇文章中我們會涵蓋 SQL/NoSQL 根本上的差異，在我們的範例中會以主流的 MySQL SQL and MongoDB NoSQL database 為例，其他 SQL/NoSQL 則是大同小異  雖然 SQL 和 NoSQL 透過不同方式運作，但事實上他們的目的都一樣:儲存資料  NoSQL 隨著發展逐漸成為顯學，較常出現在技術文章標頭或是讓人感覺較新穎，但他並不是取代 SQL 的新技術  
025	W07	210	86	  這次講的主要內容是大數據才能用的資料庫，大數據由巨型數據集組成，這些數據集大小常超出在我們可接受時間下的收集、庋用、管理和處理能力，大數據的大小經常改變。NoSQL是對不同於傳統的關聯式資料庫的資料庫管理系統的統稱。SQL 跟 NoSQL 並不是互斥的概念，可以在自己的系統裡面用 SQL 類的資料庫系統儲存文章、評論，同時也用 NoSQL 類的資料庫來搜集使用者資訊。SQL查詢提供了一個強大的JOIN條款。我們可以使用單個SQL語句獲取不同表中的相關資料。NoSQL沒有等效的JOIN。  
026	W07	232	92	  小賈講師今天跟我們語重心長的講了一些出社會應該做好的心理準備，還有我們應該做什麼事充實自己，什麼時候該玩什麼時候該認真，很開心他能跟我們說那麼多，在出社會方面他是前輩，他能說多少我們就聽多少，也希望我未來能找到心之所向的工作。他今天教學的專業領域是Azure的SQL Database也就是資料庫的部分，之前有上過SQL server的課，所以這部分讓我還算能理解，雖然還是有比較專業的部分不熟，但至少基礎架構我能有經驗。小賈講師今天為了分享而做的簡報很不錯，簡潔有力，滿喜歡這種風格的。  
027	W07	92	60	  NoSQL(NoSQL= Not Only SQL )，意即“不僅僅是SQL”，是一項全新的資料庫革命性運動。NoSQL的擁護者們提倡運用非關係型的資料儲存。大多數資料庫技術不能保證支援ACID(原子性、一致性、隔離性和永續性)，而且大部分技術都是開源專案，這些技術被稱為NoSQL。NoSQL資料庫的產生就是為了解決大規模資料集合多重資料種類帶來的挑戰，尤其是大資料應用的難題。但是儘管大多數NoSQL資料儲存系統都已被部署到實際應用中，但仍存在產品支援的功能有限、缺乏類似關係資料庫所具有的強有力的理論、技術、標準規範的支援等挑戰性問題需要解決。  
028	W07	193	79	  今天的講師是Justin Li老師，這幾周下來發現微軟的講師都很年輕很活潑，今天的講師講解的是SQL&NoSQL的部分，資料庫其實真的是很實用，未來在工作上一定也都會使用的到，講師也為我們講解兩種的差異，聽完對兩者還是覺得有點模糊，可能要之後自己在對兩者做一些研究才可以摸透兩者的差異，然後講師也教我們開了Azure裡面的SQL Database的功能，教我們如何去使用，但一節課時在時有點太趕了，時間有點不夠用，感覺都學到皮毛，有點可惜，但講師有把相關的檔案給我們，讓我們可以自己薇家研究研究，我覺得很不錯。  
029	W07	173	69	  SQL 跟 NoSQL 並不互斥，可以在系統裡面用 SQL 類的資料庫系統儲存文章、評論，同時也用 NoSQL 類的資料庫來搜集使用者資訊。  NoSQL 沒有 schema 這種東西，所以不必事先知道要存哪些資料。這樣的好處就是比較彈性，可是相對在查詢資料的時候速度也會比較慢一點。而且這些 NoSQL 系統，儲存資料的格式通常都是 JSON。   此二是根據業務不同而定的。要根據你的業務來選擇適合的技術棧。沒有最好，只有最適合自己的。就算 NoSQL 聽起來比較潮，但是適合用 SQL 的地方，還是用 SQL 就好。  
030	W07	230	91	  今天Ethan講師跟我們講述了Azure認知服務與AI相關的介紹，近年來由於大數據、雲端運算、強大演算法等技術蓬勃發展，使得AI與雲端運算蓬勃發展，在利用AI做決策、圖像辨識、語音轉換成文字、搜尋及辨識情感等。  在講師上課的時候跟我們介紹了很多Asure上擁有的服務與許多衍生的API，同時也搭配影片為我們介紹Bot搭配語音對話服務，幫助我們完成一些生活上事情等，真的讓我眼睛為之一亮。  後來講師也手把手的教我們註冊自己的Azure帳號，與嘗試建立一個新的API、教大家基本操作技巧及熟悉介面。  經過這次Ethan講師的課後，我還蠻期待之後上課可以學到更多Azure的相關應用，希望能從中學習到更多、更有趣的東西。  
031	W07	223	89	  今天的講者非常厲害，主要跟我們介紹了關聯式以及非關聯式資料庫的差別及應用，先前在大三時就有修過關聯式資料庫的查詢以及架設，像azure這種架構在雲端的關聯式資料庫在未來應該會是市場趨勢的主流，公司不必再花額外的伺服器架設費用以及機房，且能全球化的部屬資料且智慧的運營。而非關聯式資料庫以物件為基礎的規則跟關聯式資料庫很不一樣，連查詢語法也不使用SQL來執行，看來我還有很多要學習。  
032	W07	174	70	  這禮拜的微軟講師是在介紹資料庫相關的應用程式，Azure Data Services – SQL 與 NoSQL，利用SQL Database服務建立關聯式資料庫，及利用Azure Cosmos DB服務建立非關聯式資料庫。Azure的雲端資料庫是屬於PaaS的服務，他的好處是讓客戶能更專注於企業應用的開發。我在先透過 Azure 入口網站建立Azure Cosmos 帳戶、容器及項目，然後才建置 .NET 主控台應用程式來管理 Azure Cosmos DB SQL API 帳戶中的資料，並瞭解了為了因應網路平台的多樣性的發展，許多大型網站平台逐漸開放物件功能和資訊與其它網站進行串接、共享，整合多元資訊、提升跨平台使用者的友善性，達到平台多元發展的市占性所串造出來的API的使用。  
033	W07	233	94	  講師提到了很多有趣的事情，像多半會以海水冷卻發電機，企業花了很多錢打造機房，希望由客戶租賃，客戶對big data有很大需求，因為資料決定一切，由數字結果輔助決策，資料量多、多樣性，AI很多演算法與預測，可進行客戶分類。  客戶遇到的問題1.更多硬體成本2.效能ㄉ落3.快速全球部屬4.維運不易  越來越多電商往印度發展  AZURE雲端資料庫(PaaS)c好處，1.無須硬體成本2.彈性效能擴展3.全球靈活部屬4.智能化維運  他也特別說明了SQL與NOSQL的分別，非常清楚且有趣，他也為我們介紹如何設置AZURE SQL DATABASE流程，說起來覺得這次的講師口才很好，描述的內容都非常易懂且生動!  
034	W07	250	99	  SQL是一種特定目的程式語言，用於管理關聯式資料庫管理系統，或在關係流資料管理系統中進行流處理。 SQL基於關係代數和元組關係演算，包括一個資料定義語言和資料操縱語言。SQL的範圍包括資料插入、查詢、更新和刪除，資料庫模式建立和修改，以及資料存取控制。  NoSQL是對不同於傳統的關聯式資料庫的資料庫管理系統的統稱。 兩者存在許多顯著的不同點，其中最重要的是NoSQL不使用SQL作為查詢語言。其資料儲存可以不需要固定的表格模式，也經常會避免使用SQL的JOIN操作，一般有水平可延伸性的特徵。  這禮拜的講師還有自製的PTT感覺挺不錯的！  
035	W07	179	72	  Azure SQL Database 是一般用途的關係資料庫，以受控服務形式提供。 有了此功能，您可以為 Azure 中的應用程式和解決方案建立高度可用且高效能的資料儲存層。 SQL Database 可以是適用于各種新式雲端應用程式的正確選擇，因為它可讓您處理關聯式資料和非關聯式結構，例如圖形、JSON、空間和 XML。它是以Microsoft SQL Server 資料庫引擎的最新穩定版本為基礎。 您可以使用先進的查詢處理功能，例如高效能的記憶體內部技術和智慧型查詢處理。 事實上，SQL Server 的最新功能會先發行至 SQL Database，然後再 SQL Server 本身。 您可以取得最新的 SQL Server 功能，而不需額外的修補或升級，即可跨數百萬個資料庫進行測試。SQL Database 可讓您在兩種不同的購買模型內輕鬆定義和調整效能: 以vCore 為基礎的購買模型和以 DTU 為基礎的購買模型。 SQL Database 是完全受控的服務，具有內建的高可用性、備份和其他常見的維護作業。 Microsoft 會處理所有的 SQL 和作業系統程式碼修補和更新。  NoSQL 資料庫也稱為「非關聯式」、「NoSQL DB」或「非 SQL」，以強調它們能夠以不同於關聯式 (SQL) 資料庫 (利用資料列和資料表) 的方式，來處理大量快速變化的非結構化資料。NoSQL 技術大約從 1960 年代開始就已存在，但由於資料環境變化，開發人員必須做出調整才能處理雲端、行動裝置、社交媒體和巨量資料所產生數量龐大且種類繁多的資料，因此突然大受歡迎。從熱門名人推文到電子病歷中的救生資訊，迅速就能產生新的資料和資料類型。NoSQL 資料庫已發展成可協助開發人員快速建立資料庫系統，以儲存新的資訊，並讓該項資訊立即可供搜尋、彙總和分析。  
036	W07	232	92	  聽完了講師的講說，我得到了比知識更重要的觀念，例如企業的實習經驗以及社團磨練又或者是人與人相處的技巧等等，並且目前已經趨向大數據，我們需要從TPS交易處理系統做資料挖掘，用更細的資料去做資料分析，並應用OLAP線上資料分析等方法去做支援，因此許多公司都開始建立以資料為導向的決策分析系統來輔助管理階層或高階主管做決策。並且瞭解了許多雲端專有名詞，如IAAS，PAAS，SAAS等，而且根據講師的操作，更能了解PAAS的運用，可以讓客戶更專注於企業應用的開發，以達到無須硬體成本，彈性效能擴展，全球靈活部屬，智能化維運等優點。  
037	W07	192	78	  這周的內容是資料庫。資料庫是許多企業的重要技術資料，放著的資料從客戶的隱私資料、用戶使用後體驗的資料等等。今天有實際上Azure自己實際操過看看資料庫，雖然操作完還是有許多問號在心中，起碼對微軟的雲端資料庫有ㄧ些基本的認識了。除了ㄧ些資料庫設計時有上過的內容以外，今天也有多加介紹資料庫內的ㄧ些技術與概念，當下聽到其實覺得很難以理解，但是講師使用很簡單易瞭的圖表讓人能夠一目了然，讓這些複雜難懂的新穎技術在第一時間能夠被消化以及吸收。感謝講師的認真付出!  
038	W07	247	98	  在本周的演講中，講者從企業的實用面切入做分享，他提到目前客戶遇到的困境有四個，[更多硬體成本、效能低落、快速全球部屬、維運不易]，也是多一個驗證讓我們知道Azure真的是目前的趨勢，可以為企業帶來很多方便，並協助快速站在巨人的肩膀上。  講者在說明關聯式資料庫和非關聯式資料庫時，讓我想到大三所修的資料庫那堂課，憑藉當時對於資料庫基礎概念的認知，在今天上手的速度也較快!  講者後面做的NoSQL跟SQL的對照表解開了我的疑惑，終於比較清楚甚麼狀況下應該選擇哪種資料庫了!  
039	W07	218	87	  這禮拜的講師，在介紹Azure的服務之前，先跟我們分享了他的社會經歷。我覺得他介紹的經歷讓我感覺很貼近，不會覺得距離很遙遠，因為講師也是私立大學資管系畢業的，而他給我們的建議也很實用，包括他說外商公司很注重大學的經歷等等，不過對於已經大四的我，已經來不及去多參加社團活動，不過現在的我的確正在努力的找實習。另外，他還分享在未來職場裡「做人比做事重要」，現在的人對於自我意識很強烈，但我一直都相信，在剛進職場裡要放下自我意識，比別人多做各種大小事一定都會有它的用處。  而這堂課介紹的Azure服務是SQL&NoSQL，他知道我們大部分的人對於專有名詞不是很熟悉，所以他有針對很多專有名詞去做解釋，針對這部份對於專有名詞知道不多的我很有幫助。而第二堂課他也帶著我們實際去操作，更加深了第一堂課他所介紹的各種Azure服務。  這堂課讓我更認識了SQL&NoSQL，包括他們的不同之處以及分別適合用於哪裡，在我的畢業專題裡，就是用到Azure Cosmos DB，記得那時研究了許久，今天聽講師介紹到讓我更有感觸。  
040	W07	234	95	"  課程心得  這週企業雲端的課程，一樣重心是放在Azure上，第一堂課講師跟我們分享了他在工作上遇到的種種事情，也跟我們提到了想進到微軟公司上班應該要具備些什麼東西。 本週的第二堂課講師教我們建立SQL的Database，許多在建立資料庫時所必須具備的常識，以及遇到設定上問題的時候應該要怎麼排除。此外講師也提到了""雲端""是近幾年來重要的技術之一，如果我們未來想要進入資訊相關產業工作的話，具備有雲端相關知識的人必定是優先被錄取的，因此這方面的精進是必須的。  "
041	W07	173	69	  今天討論的是SQL和NOSQL的不同和SQL DATABASE的操作練習，SQL和NOSQL最大差別是格式和載入的不同，以排序和資料的一致性來說，nosql比較強調結果一致，排序和資料可能不同，但SQL卻強調資料的一致性和排序，而NOSQL之所以叫nosql，是因為沒有使用常用的SQL語法，他常使用在特定需求的功能，像是FB建議好友等等需要關聯性的需求，所以相較以往的SQL，他比較彈性，且他通常使用json而不是xml。  今天的操作是建立SQL DATABASE，一個月一萬四左有，但相較於傳統企業建立資料庫來說，雲端部屬SQL DATABASE是非常便宜的!  ps.登入之前要先設定防火牆，把自己的ip加進去  
042	W07	198	82	  這週講述的課程是Azure Data Service-SQL& NoSQL，而這週講師在正式開始進入這週的主題之前，給了我們一些對於未來職涯的建議，我覺得他說得很對，我同意他的觀點，如他所說不是打工不好，而是因為畢竟已經大四了，再過不到一年的時間，就要畢業踏入職場上了，所以如果真的要打工我覺得就要打一份有意義對未來職涯有幫助的工作。在大四將面臨進入職場生活的我們，他給予我們一些他自己的經驗，在大四的他，他努力尋找竹科裡的工作進入實習，提前進入職場，增加自己的經驗。  他說:「進入職場要學會如何做人。」這句話他說今天的東西都忘記沒關係，但是這句話很重要，所以讓我印象深刻。畢業進入職場很多東西身為新鮮人的我們，可能很多都會不了解，但是應該因為是新鮮人他們可能會諒解，但是要學會如何做人。學會做人我覺得超級重要，不然會被穿小鞋，在職場上被穿小鞋後果可是不堪設想，因此人際間的關係、溝通上都要好好處理，不可以忽視同事間的關係。  在第二堂課，進入了實作Azure 平台的部分，今日主要是建置一個SQL Database，我覺得他教得很詳細，一個步驟一個步驟慢慢教學，到一個端落會停下來等我們，還會停下來詳細解說功能用處，還有一些建置上的建議。在操作Azure的同時，他也說了一些雲端的好處，在前幾年雲端對於一些企業來說是很抗拒的，但是因為可能趨勢以及記憶體容量的關係，雲端開始崛起，企業也開始接受雲端。雲端是未來的趨勢，所以對於雲端要知道雲端是什麼，也要學會雲端的技術，這樣之後在職涯上會很吃香。  
043	W07	193	79	  今天這堂課的講師在課前，跟我們講了很多有關他的工作經驗，讓我們受益良多，對未來在社會上工作時有所幫助。今天主要的內容是Azure Data Platform，讓我們先看了一個大約5分鐘左右的影片，了解雲端是怎樣的世界。現金企業客戶遇到的問題與挑戰，如硬體成本、效能低落、全球部屬、維運困難，所以客戶會慢慢考慮雲端，原本需要數個月才可以處理的事務，現在只要短短的幾分鐘即可完成，對企業是一份很大的幫助。Platform只要開發Application就結束了，其他的東西都不用處理。  
045	W07	208	84	  今天請到的是微軟的李講師，在兩節課中，他前面花了蠻長一段時間好好講解態度的重要性，他因為態度問題接二連三的換了三間公司，而待遇也都是越來越好，積極面對問題的態度讓他在職場上是如魚得水，最後也進了微軟這樣的大公司，這態度值得我們學習，而他也提到除了精通一樣專才外，如果有能力的話最好能再多學一點同領域的相關知識，在職場上，精通一樣的人才和各領域都會的通才，後者是企業比較愛用的。第二堂課我們在azure的雲端上初步架設了一個屬於自己的伺服器，也算是一個蠻新穎的體驗。  
046	W07	222	88	  今天講師講解有關Azure Data Services，講師的ppt畫面的非常乾淨，內容一目了然，讓人看了很舒服，且講話口齒清晰，能吸引人比較專心聽課。只是突然說要考試讓人沒有時間準備。Azure Data Services，主要就是雲端資料庫，分為關聯是資料與非關聯式資料庫，關聯式資料庫其特色就是加速內部部署SQL Server 移轉的速度，而不需變更受控執行個體的應用程式程式碼。隨時取得位於雲端的最新 SQL Server 功能和常保最新的SQL資料庫，而不必修補或升級，使用安全、可靠且經過實證的AI技術，保障尖峰的資料庫效能和耐用性。使用自訂的自動調整建議，將應用程式的效能最大化，可依需求調整應用程式，正常運作時間高達 99.995%。利用支援高達 100TB 的超大規模資料庫，並在幾分鐘內還原大規模的資料庫。個別調整計算和儲存體資源，以取得最大的靈活性，並使用折扣後的可讀取複本來降低成本。Azure SQL Database 中內建的高可用性可確保資料庫絕對不會成為軟體架構中的單一失敗點。針對間歇並無法預測使用模式的資料庫，使用無伺服器 計算層將其性價比最佳化。非關聯式資料庫則是能夠水平「向外」延展，也能無需升級即可新增較便宜的伺服器。可讓開發人員更自由、快速且彈性地變更結構描述和查詢，以配合資料需求。儲存為彙總的資訊可更輕鬆快速地反覆改善，而不需要事先設計結構描述。  
048	W07	220	88	  今天10月22日邀請到微軟的李御安講師進行演講，在這堂課企業雲端應用趨勢與實務中，延續上次的Azure的介紹，今天主要在介紹微軟Azure的資料庫，一開始講師問了大家有學過那些資料庫的軟體或是語言，例如SQL server、MySQL等…然後因為也些檔案太多所以講師很好心的已經放在網站上給我們下載使用，雲端的概念就是，微軟有很多資料中心能夠做處理，在世界各地也都有，雖有些業者會請向使用google，因法律上的緣故，而香港和東南亞的資料中心是台灣地區的首選。延續上次的Azure的課程，並且了解到使用者的情境以及需求，接下來講師繼續教我們如何在微軟的Azure使用雲端的SQL，後來講師還教用哪些方式可以更快速的找到資料以及比較，今天講師主要是在講解雲端資料庫的功能跟介紹。  
049	W07	214	86	  開頭，講師先跟我們分享一些他的社會經驗，推薦我們把握時間到外面實習，他跟我們分享了一句話：「出社會的時候，做人比做事重要。」講師分享他在工作的時候，走比較全能的路線，只要同事請他做的工作，他都會做，為的是未來的自己會發現，當時的工作，其實都有很棒的效益回饋到自己身上。所以最重要的還是自己的態度。  本週課程主題是Azure雲端資料庫，它不需要硬體成本、可以彈性地擴展效能、可以在全球任何地方做部屬，最後它擁有智能化的軟硬體維護。後面實作的部分，利用Azure，可以使用原本學過的SQL語法執行想要的動作，將學習過的各種技術做整合應用，非常的有成就感！  
050	W07	191	77	  NoSQL 資料庫也稱為「非關聯式」、「NoSQL DB」或「非 SQL」，以強調它們能夠以不同於關聯式 (SQL) 資料庫 (利用資料列和資料表) 的方式，來處理大量快速變化的非結構化資料。NoSQL 技術大約從 1960 年代開始就已存在，但由於資料環境變化，開發人員必須做出調整才能處理雲端、行動裝置、社交媒體和巨量資料所產生數量龐大且種類繁多的資料，因此突然大受歡迎。從熱門名人推文到電子病歷中的救生資訊，迅速就能產生新的資料和資料類型。NoSQL 資料庫已發展成可協助開發人員快速建立資料庫系統，以儲存新的資訊，並讓該項資訊立即可供搜尋、彙總和分析。  Azure SQL Database 會管理您的資料庫，並保證其高可用性。 某些可能會影響高可用性或無法在 PaaS 世界中使用的功能，Azure SQL Database 中的功能有限。 此外，某些資料庫功能取決於您所建立的 Azure SQL Database 類型。 下表將說明這些功能。 使用 Azure SQL Database 時，您可以將資料庫建立為受控執行個體的一部分、作為單一資料庫，或為彈性集區的一部分。 如果您需要更多有關差異的詳細資料，您可以在單一資料庫和彈性集區的個別頁面中找到它們，或受控執行個體。  
051	W07	81	60	  今天是裡講師來介紹並動手操作:https://is.gd/MtFeCr、https://1drv.ms/u/s!AjhofhwS2b1_itUEgim3T15fAEv98w?e=JmnbSC。  一開始有在介紹一遍甚麼是IaaS、PaaS、SaaS，以及不同之處，NoSQL跟SQL比較起來較彈性，但沒有SQL能確保一致性，NoSQL格式彈性、讀取載入資料較快。     以及老闆在意的資料庫是高效能、資料安全性、高可用性及彈性，而這些服務比起企業自建，Azure 的雲端機房有很大的優勢。  Azure 雲端資料庫(PaaS)好處有:讓客戶更專注於企業應用的開發。     也介紹API(應用程式編程介面)，許多大型平台逐漸開放物件功能和資訊與其他網站進行串接。      Azure Cosmos DB : A globally distributed ,massively scalable,multi-model database service.  
052	W07	188	76	  Azure 雲端資料庫 (PaaS) 好處 : 讓客戶更專注於企業應用的開發  系統三層式架構  關聯式資料庫（DBMS） • 建立在關聯模型基礎上的資料庫，藉助於集合代數等數學概念和方法來處理資料庫中的資料。現實世界中 的各種實體以及實體之間的各種聯絡均用關聯模型來表示。 • 標準資料查詢語言 SQL 就是一種基於關聯式資料庫的語言，這種語言執行對關聯式資料庫中資料的檢索 和操作。 • ACID，是指資料庫管理系統在寫入或更新資料的過程中，為保證事務（transaction）是正確可靠的，所 必須具備的四個特性：不可分割性（Atomicity）、一致性（Consistency）、隔離性（Isolation，又稱獨 立性）、持久性（Durability）。  非關聯式資料庫 (NoSQL) • 非關聯式資料庫會使用針對所要儲存之資料類型的特定需求所最佳化的儲存體模型。 比方說， 資料可能會儲存為簡單的索引鍵/值組、JSON 文件，或包含邊緣和頂點的圖表。 • 這些資料存放區的共通點是它們都未使用關聯式模式。 比方說，時間序列資料存放區是針對以 時間為基礎的資料序列查詢予以最佳化，而圖表資料存放區則是針對瀏覽實體之間的加權關聯 性進行最佳化。 這兩種格式都無法完全適用於管理交易資料的工作。 • NoSQL 一詞所指的資料存放區不會使用 SQL 進行查詢，而是會改用其他程式設計語言和建構 來查詢資料  學到很多知識!!!  
053	W07	188	76	  PaaS：無須硬體成本、彈性效能擴展、全球靈活部屬、智能化維運  系統三層式架構：使用者電腦<\-->網頁伺服器<\-->應用伺服器<\-->資料庫伺服器  這次的課程是介紹關於SQL資料庫的內容，有詳細說明關於SQL與noSQL的差別，SQL是將資料記錄成表格，而noSQL則以另外一種形式呈現，像是圓餅圖或鍵值等等，兩者之間並沒有什麼好壞，每種資料適合的資料庫不一樣。  這次實作過程的一開始，我發現我的Azure for students帳戶被停用了，後來發現是因為不小心把它提供的免費容量用光了，上週建立的服務會消耗很大的資源量，但我也在課後刪除了，不是很確定是哪個服務消耗這麼多的資源，幸好這只是學生帳戶，若是使用個人帳戶做發開，沒注意到這部分的話，很容易就會荷包大失血，也讓我知道必須更小心這部分。  
054	W07	205	84	  這禮拜講師介紹的主題是Azure data service  現今，大數據分析、AI人工智慧非常流行，很多公司都想發展這個產業，所以客戶也面臨一些挑戰像是需要更多的硬體成本、效能低落等等，而雲端資料庫的好處就是可以讓客戶更專注於企業應用的開發，像是無須硬體成本、彈性效能擴張、全球靈活部屬、智能化維運。  講師還分享他的求學和求職的經驗，要我們不要輕言放棄，然號第二堂課教我們一步驟一步驟建立SQL Database，並比較NOSQL和SQL的優缺點，並沒有一定的選擇，而是看客戶的需求  
055	W07	272	100	  今天是由賈斯汀講師來為我們講解，雖然第一節課有稍微花些時間在自我介紹，但這個其實是非常好的一部分，可以讓我們認識講師的背景，以及講師是如何進入微軟公司的；藉由賈斯汀講師所說的建議，可以讓我們大四學生對未來有一些準備，大概對於雲端等系統有些認識。第二節課則是開始手動操作，讓學生跟著講師的步驟一一架設雲端資料庫，以及登入自己架設好的資料庫，之後再將賈斯汀講師的檔案拉進來，同時也在教導同學們如何解決一些問題，是非常實用的課程!  
056	W07	242	97	  經過這周講師精彩的演講之後，我真的收穫的非常多，不只是在專業的領域上，這周講師注重在未來到了社會上，我們應該要嘗試著多多不同面向的嘗試以及努力，因為在不同面向的嘗試之後，不只我們可以茲家更多不同領域的專業知識之外，更重要的是我們會學會如何處理不同的事情，並且處理得相當完善，也因此我們不能只生活在自己的舒適圈裏面，而是要盡力的去爭取不同的體驗經驗，來讓自己可以有更多的歷練以及經驗，謝謝這周講師的演講，真的讓我收穫良多。  
057	W07	209	85	  今天的講師非常的厲害，他今天跟我們介紹了關聯式以及非關聯式資料庫的差別以及應用， 我們之前在大三的時候就有修過資料庫的課，學過一些關聯式資料庫的查詢以及架設，像azure這種架構在雲端的關聯式資料庫在未來必定會成為一種主流的市場趨勢，公司不必再花額外的金錢加設伺服器以及機房。我覺得這堂課收穫很多，因為每次來講課的講師都告訴我們一些符合目前市場趨勢的技術，讓我們在大學的最後一年可以學會一些畢業之後馬上就能進入狀況，知道目前最新的技術。  
058	W07	240	97	  今天的主題是講SQL資料庫，資料庫在大三的課程中有簡單接觸過，所以也有一些基礎得概念，這堂課的講師除了介紹一般的SQL資料庫，也介紹NoSQL，這也是比較符合現在大數據資料的儲存模式，除了介紹資料庫的相關知識，講師也帶我們實際操作一遍，這也讓我的觀念更清楚，明白SQL的原理及操作，除了課堂上講的專業知識外，講師也分享一些有關他在微軟上班時的經驗，以及一些做人處事的態度，我覺得這些額外的東西是非常重要的，因為這也是我們出社會必定會經歷到的。  
059	W07	184	75	  這禮拜的講師小賈跟我們分享了他的心路歷程，提醒我們很多出社會該做的事， 我覺得蠻有收穫的，這週的內容也很好，講的是SQL跟Database，對我來說沒有這麼陌生，所以學起來還算順利，我覺得SQL是蠻實用的技能，我也比較不排斥學習SQL的相關內容，因為資料庫是大部份公司都會用到的東西，會SQL是非常有用的，到這週為止Azure的功能才介紹了一小部分，我真的覺得Azure是一間很厲害的公司，從每週的講師都不一樣可以看出來，一個人要完全精通Azure的所有服務基本上是不可能的，我只希望我上完這學期能夠對Azure更了解一點。  
060	W07	233	94	  今天的講師是說明SQL及NoSQL的李御安講師，他一開始先說了一些他進微軟的相關經歷，他告訴我們大四可以多找實習來充實自己，而我現在是大四確實對這方面有些煩惱。講師說要在企業界站的穩，最重要的是態度，這我非常認同，態度決定未來對公司是否帶來正面效益。我個人很喜歡聽講師說一些人生道理，我總能從中得到啟發。接下來是實作和今天主題有關的資料庫，教我們如何表單的頂端設定database屬性，了解效能硬體，也說明SQL及NoSQL之間的差別，資料庫在快速變化下，使用NoSQL彈性較高，若是傳統資料庫就可以使用SQL並沒有對錯之分，在講師詳細說明下我更能了解SQL及NoSQL!  
062	W07	233	94	  上完這堂課後，我感到非常的獲益良多，因為殭屍所演講的話題讓我非常認同，尤其是網路革新這一塊，他很詳細的解釋了，現在網路世代所遇到的問題，還有現在要當個聰明的網路人需要具備麼樣的才能，關於這些點我都非常的認同，我認為我們這一世代所遭遇的問題，已經跟以前大不如前了，我們應該要具備明寧才行，才不至於被這廣闊的網路海中所吞沒，另外講師還詳細的解說了大數據與區塊鍊的發展成因以及他們的未來展望，希望在不久的將來，我不管遭遇什麼困難都能迎刃而解，當個聰明的網路人。  
063	W07	249	98	  這次的講師也是資管系畢業後進入微軟工作的，但我覺得聽他講的內容中他的工作比較偏向專案管理經理的工作，要與客戶接洽洽談之類的，然後聽講師分享她剛進入微軟時十分辛苦，甚麼事情都要做，與他同期入公司的同事都受不了離職了，只有他撐了下來，才有今天的成就，關於這點我還是相當佩服的。  不過他似乎不太清楚前幾周的講師所演講的內容，有稍微重複講了關於Azure的觀念，但講師講的內容還是相當有深度的，我也在今天的演講內容中學到了很多。  
064	W07	182	74	               這禮拜介紹的是Azure Data Services-SQL & NoSQL的部分，根據講師所說的，Azure SQL Database 是可調整的智慧型雲端資料庫服務，微軟運用自家的技術，可以加速內部部署 SQL Server 移轉的速度，而不需變更受控執行個體的應用程式程式碼。隨時取得位於雲端的最新 SQL Server 功能和常保最新的 SQL 資料庫，而不必修補或升級。並且使用單一資料庫 (針對雲端中建立的 SQL 應用程式) 或彈性集區 (針對多租用戶應用程式)，享受額外的部署靈活性。而且他還內建機器學習的部分，讓使用者整體用起來更有靈活性，可以針對自己要的部分去做效能最大化。  
065	W07	156	63	  這次的講師是李御安，內容是Azure Data Services-SQL & NO SQL。  每次課後對課程內容也許沒有太大的印象，但是對講師分享的故事和工作上的啟發等等卻特別有印象。李御安講師建議我們打工應該打在對的地方，可以多多去實習，增廣見聞。他也分享在工作上，他剛進公司的時候，什麼事情都接下來做，不會因為麻煩、累而放棄或是婉拒，久了之後同事、上司對他的feedback也都不錯。而他認為訓練表達也是一件很重要的事，如果一個人技術很好，但是沒辦法很好的將想法傳達給別人，就會是一件很可惜的事情。  我覺得講師分享的這些觀念、經驗都能讓我們好好思考，對未來也都是很有幫助的。  這堂課主要介紹SQL和NO SQL，如果我們是要做比較傳統的系統，像是財務系統等等，會比較常用SQL。而用NO SQL的彈性比較高，也許我們還不確定要做的系統未來是長什麼樣子。在NO SQL中比較不會在意過程中產生的答案，指確保最後的結果、答案一樣就好，所以兩個人在過程中分別查到的可能會不一樣。NO SQL只在意效能好，一致性不太要求，最後結果一樣就好，而SQL則是在意一致性，過程需要一模一樣。  
066	W07	177	70	  這個禮拜講的是sql 以及 no sql 的不同及用法，我了解到不是每個專案都需要做資料庫，像是小型專案，若專案沒有太龐大的資料要存的話，選擇no sql 去做反而更快也更方便管理，no sql 通常會以jason去作為db存取資料，講師也實際帶我們操作sql，但由於時間不夠，比較想學的no sql ，反而沒時間實作，只有看講師示範，覺得很可惜。  
067	W07	168	66	  今天講師說明了現今客戶面臨到的挑戰，如需花許多硬體成本、維護運轉的不容易、需快速在全球進行部屬，甚至是有可能發生效能低落等情況，而漸漸將資料庫移往雲端中存放，改善成本支出、效能低落等問題。  而Azure的資料庫系統，Azure除了有常見的關聯式資料庫(SQL)之外，也還提供了非關聯式資料庫(NoSQL)給使用者。而Azure SQL Database是一個可調整的智慧型雲端資料庫服務，並且與SQL server引擎高相容性。此外，Azure也具備進階資料的安全性，可保護客戶的資料避免攻擊，建立一個多層的安全。  
068	W07	173	70	  這週的演講是 Azure Data Services – SQL & NoSQL ，SQL 是一種特定目的程式語言，用來管理關聯式資料庫管理系統或在關係流資料管理系統中進行流處理。SQL的範圍包括資料插入、查詢、更新和刪除，資料庫模式建立和修改，以及資料存取控制。儘管SQL經常被描述為，而且很大程度上是一種聲明式編程，但是其也含有程序式編程的元素。  NoSQL 資料庫採用各種資料模型 ，例如：文件、圖形、鍵值、內存和搜尋等，來存取和管理資料。這些類型的資料庫透過放寬傳統關聯式資料庫的一些資料一致性限制，特別針對需要大量資料、低延遲和彈性資料模型的應用程式進行優化。  SQL 是 Structured Query Language 的簡寫，就是指一套層次分明、規定清楚的查資料指令，而 NoSQL 是 Not Only SQL，除了 SQL 以外的查詢方法，都屬於後者。兩者存在許多顯著的不同點，其中最重要的是NoSQL不使用SQL作為查詢語言。其資料儲存可以不需要固定的表格模式，也經常會避免使用SQL的JOIN操作，一般有水平可延伸性的特徵。  
069	W07	223	89	  沒想到Azure也能夠作資料庫，上學期學習資料庫的課程時，以為資料庫僅是如此而已，接觸到了雲端資料庫後，簡直發現了新世界。如此一來，能夠有非常大的容量來架設並更新資料庫，不會侷限在硬體資料庫的器材以及維護所需花費的空間及金錢上，並且能夠處理大量快速變化的非結構化資料，其功能相當的強大。其中的NoSQL不像SQL只限於固定的資料模型，他也可以處理高結構化的資料，包含索引鍵、文件、單欄式以及圖表。如此方便的平台，以後建資料庫可以列入使用的考慮範圍。  
070	W07	195	81	  講座心得  今天講師講解的是資料庫，他先介紹詳細介紹關聯式資料庫與非關聯式資料庫的差異，關聯式資料庫主要是比較嚴謹的設定，資料庫需要先設定好所有屬性，但如果之後需要更改資料庫的屬性就可能需要先把資料庫停擺，對於一些比較重要的資料，像是用戶資料的話，會造成問題，資料庫如果停擺的話，可能就沒辦法進行登入，這樣網站就需暫停使用；而非關聯式資料庫主要是用JSON進行交換資料，就會解決關聯式資料庫的問題，但兩者的使用並沒有好壞，只是看所要儲存的資料是需要哪種類型而決定要使用哪種資料庫。  
071	W07	209	85	  最近大數據在資訊相關行業中是個十分火熱的話題，有許多地方只要可以運用到大數據就可以辦到許多以前沒辦法辦到的事，像是對於客戶的分析，或是更精確的股票預測等等，這些都是大數據的應用。Azure Data Services就是一個十分適合用來進行大數據分析的工具，不需變更受控執行個體的應用程式程式碼。隨時取得位於雲端的最新 SQL Server 功能和常保最新的 SQL 資料庫，而不必修補或升級，並且還內建機器學習，讓使用者可以事半功倍，因此我覺得在做事之前選對工具很重要。  
073	W07	232	93	  今天2019年10月22日企業雲端應用趨勢與實務這門課，謝謝魏老師再次請到這麼優秀的講師繼續延續Azure的介紹，這個講師教我們甚麼事NOSQL，以往我們都是使用SQL Server、MySQL等資料庫軟體來協助我們的資料庫處儲存，而 NOSQL與前述的資料庫有些許不同，NOSQL資料庫是一種非關聯式的資料庫，這樣的資料庫對於我們而言是陌生的，因為以往我們學的都是關聯式的資料庫，再次謝謝講師讓我們知道目前較為主流的NOSQL來讓我們在未來更知道如何操作，並在往後進入職場可以與社會接軌更為容易。  
074	W07	171	68	  今天的課程在介紹Azure Data Services – SQL & NoSQL，但在課程的一開始講師先跟我們分享在未來職涯上的一些建議，其中他認為最重要的兩個想法是—「做人比做事重要」還有「態度」。接著講師提到一些現今客戶容易遇到的挑戰，像是更多硬體成本、效能低落、需要快速全球部屬以及維運不易等問題，因為這些問題所以客戶開始需要運用雲端。Azure雲端資料庫的好處：無須硬體成本、彈性效能擴展、全球靈活部屬、智能化維運，這些好處讓客戶能夠更專注於企業應用的開發。關聯式資料庫就是很多個Table去做關聯，再透過SQL語法去查詢自己需要的東西。  
075	W07	234	95	  這次的講師操作的有點快，所以有點來不及用，在跟著操作的過程中，我發現我的雲端好像建置都會失敗，除此之外我覺得講解地的還不錯，而且簡報非常吸睛，就是講話速度有些快，講師們也會提供資料以便我們導入製作，非常細心。  聽了這麼多課之後，我開始稍微有對AZURE雲端介面操作有一定的了解了，雖然有100美金可以用，但有點捨不得XD  
076	W07	141	62	  這禮拜的講師為我們帶來的是SQL&NoSQL  一開始講師先介紹自己在微軟裡面是怎麼工作到現在  他說能做的事就盡量做 雖然會很累 但是時間久了 大家都會知道你是個很認真,努力的人 這時候你稍微放鬆一下 沒有人會懷疑你在偷懶(?)  總之講師的意思是多做多學 多幫助大家就可以了  講完自己的經歷之後 講師開始用ppt來講解sql和nosql之間的差別  我自己聽完之後 其實還是沒有很懂…  我理解到的是 sql非常嚴謹 而nosql比較寬鬆 且有容錯的空間 不會像sql錯一個地方就無法顯示結果  感覺有點複雜啊…  講完之後 講師直接用實例帶我們操作  Azure的db好貴啊…  不知道還能不能在微調價格  最後因為時間關係 無法作完 只能讓我們回去自己練習  
077	W07	206	84	  這禮拜的講座課程，是在教關於資料庫的課程，其實我覺得在上講座課程的時光過得特別快，也不知道是為什麼，講師教我們使用微軟Azure雲端關聯式資料，在動手實作的時候，先在Azure SQL Database中建立一個資料庫，接著講師帶我們介紹裡面的功能，和一些規則，講完後就又換我們動手去做做看了，我在這堂課並沒有跟不上的問題，是很難得的一件事情，在課堂的尾聲，講師像我們預告下一個禮拜會教的東西，希望在下一個禮拜，我也能像這個禮拜一樣，能聽懂講師在講的話，並跟上實作課程。  
078	W07	230	91	  今天的講師一開始分享了他大學時期求學的過程，他說他大四時積極去爭取外面實習的機會，去到了竹科實習，他也說到了態度非常重要，不管是學習態度還是工作態度，因為態度決定高度。此外，他也講到了Azure雲端資料庫(PaaS)的好處，包括無須 硬體成本，彈性效能擴展，全球靈活部屬，智能化維運……等，也講了許多關於資料庫的基本常識，也就是用很多table去做關連，找出需要的資料(關連式資料庫)，技術與日更新，必須時常去更新最新的資訊，才能跟上時代的演進。  
079	W07	180	73	  這週講的是Azure Data Service-SQL&NoSQL  首先老師先講述自己的經歷再來用影片介紹雲端是什麼。  AI統計學理論、演算法。資料分析。  Azure雲端資料庫PaaS：無須硬體成本、彈性效能擴張、全球靈活部屬、智能化維修。  網頁伺服器、應用伺服器、資料庫伺服器。  關聯式資料庫(DBMS)：應用SQL找出自己要的資料。  非關聯式資料庫(NoSQL)：不用SQL進行查詢。Document、Graph。  我的心得：  老師第一堂課主要做主題大概的介紹，第二堂課帶大家實作。首先像之前一樣先建立resource group。再來create SQL Database。create Server。Configure(效能部分)。Additional settings(Sample)再建立。  老師介紹了SQL和NoSQL的差異性，以及各自的優缺點，建立者會根據自己的需求選擇要用哪個。NoSQL在過程中結果可能會有所不同，只確保最後結果是相同的。  首先我覺得這個老師上課講得很清楚，步調也剛剛好，讓人容易跟上腳步。所以真的有學到東西。再來我也更清楚瞭解資料庫的部分，以及如何使用Azure來建立資料庫。也了解了為甚麼企業會使用Azure來做各種事情，就跟老師說的一樣，真的省了很多花費。還有一些之前聽過但不知道是什麼的專有名詞，也經由老師這次的介紹更清楚知道這些是什麼。這堂課真的學了很多東西，謝謝老師。  
080	W07	169	67	  今天請來的講師是微軟的李御安顧問，一開始老師先分享了自己的學經歷，老師雖然也是私立大學資管系畢業，但一畢業就進入微軟公司工作，也在微軟待了８年，而他本這些成就歸功於充實的大學四年，並跟我們分享如何在外商公司站穩腳步。而這禮拜老師先介紹了NoSQL和SQL的差別，還有普遍開發者使用的3-tier架構，最後也帶我們實作如何開啟Azure Data service，下禮拜是教Power BI，把數據視覺化的工具，很期待。  
081	W07	235	95	  這堂課老師講解很清楚，從一開始的職涯過程，讓我對外面企業的用人要求與產業環境有了簡單的輪廓，包括外商與台灣的差別以及做事的態度和雲端的重要性，使我期許自己可以增加更多的學習技能與多點實習，在之後找實習或工作時有更好的視野歷練。而之後的paas的講解，讓我先了解到了客戶的困難與服務所解決痛點的優勢，以及該特色與iaas和saas不同之處，在資料庫的簡單介紹也都清晰易懂，重點講解並且明顯區分關連與非關聯資料庫的差異。在實作方面，速度適中，講解清楚，也有例子實作加深印象，整體來說讓我學到了很多東西，對概念更有架構了  
082	W07	196	81	  這次的演講內容是Azure data platform、Azure 雲端資料庫(PaaS)  雲端儲存、big data、AI是現今的流行趨勢，不過也會碰到許多挑戰，包括成本、效能、維護及全球部屬等問題，像是許多企業會花很多成本架設機器在公司，但只要使用Virtural machine、雲端資料庫就可以解決以上這些問題，全球部屬更是一大優勢。今天這堂課的講師在微軟做了8年，並且是第一份工作，他告訴我們必須要對自己的工作有熱情、毅力，讓同事、主管的印象良好，堅持到最後必定會帶來最好的結果，我覺得是非常值得我們學習的態度。  
083	W07	193	79	  這堂講座讓我蠻有興趣的，是在講解有關資料庫方面的事情，因為當初我們自己在做專題時我們那時就有煩惱要用非關聯式資料庫還是關聯式的資料庫，這兩個讓我們取決不定，說實在的也不懂這兩著之間一些的差異在哪，今天聽完這堂講座，才知道原來不是所有的東西都可以適用NoSQL，NoSQL，我想最適合的就是收集數據吧，例如手機大部分都會默默地搜集使用著資料並且回傳，再統整並進行數據分析，這時候欄位就會有很多個，而且當你想追蹤新的時候，你就必須再去改一次資料庫，這樣真的不太優  
084	W07	181	73	  講師說在面對工作的時候最重要的就是態度，第一印象也很重要，在工作上也會比較輕鬆。  Azure Data Services – SQL & NoSQL是今天教的東西，雲端需要非常大的冷卻廠去冷卻機房，有時候還會用到海水。AI就是要很多演算法很多計算來去做分析。  客戶現今遇到的挑戰，有更多硬體成本、效能低落、快速全球部屬、維運不易，所以現在大家會開始去考慮使用雲端。雲端資料庫(PaaS)的好處，有無須硬體成本、彈性效能擴張、全球靈活部屬、智能化維運，剛好可以解決現今的問題。現在雲端真的是大勢，現在應該要多多學習雲端，以後出路比較好找。  
085	W07	166	66	  從現今遇到的挑戰介紹起，包含更多硬體成本、效能低落、快速全球部屬、維運不易等，還有Azure雲端資料庫的好處，讓客戶更專注於其業應用的開發，系統三層架構，使用者電腦、網頁伺服器、應用伺服器、資料庫伺服器，還有DBMS和NoSQL，資料平台領導者也就是微軟，涵蓋Azure Data Platform、 Azure SQL Database Service、Azure NoSQL Database Service，都是這次再探討的範圍，Cosmos也是後半部在討論的部分，最後的時間一樣是在Azure上的實作，每次教的部分都不一樣，也有不同的難度，在這堂課十分有收穫。  
086	W07	202	83	  這次是請到了講師Justin Li老師來為我們授課，非常感謝老師與講師，這次講師的授課內容是SQL&NoSQL，資料庫在大三的時候就有略懂，專題的時候也是負責資料庫的部分，資料庫也是非常重要的一個環節，講師這次講解了這兩種有何不同，並且教導了Azure裡面的SQL Database的功能，讓我們學習並且使用它，不過在課堂上因為時間的問題還是有些不熟練，不過講師也很貼心的給了我們相關檔案可以讓我們回去做練習，真是非常感謝，希望下次能再見到講師，並且收穫滿滿。  
087	W07	158	63	  課堂的一開始，講師先說了一句讓我印象深刻的話。他說：「其實他認為出社會後做人比做事重要。」我覺得這句話很值得我們省思。  後來開始授課後，講師講了SQL與NoSQL，其中包含他們兩者間的差別。像是NoSQL 一詞所指的資料存放區不會使用 SQL 進行查詢，而是會改用其他程式設計語言和建構 來查詢資料。除此之外也講解了開發者會在何時分別選擇使用SQL還是NoSQL，例如   使用無關、不確定或更改數據、數據庫與模式無關，而模式為由應用程序決定、處理大型或更改的數據集時都是使用NoSQL。  
088	W07	178	71	  今天邀請到的是李御安講師，講述的內容是Azure Data Services – SQL & NoSQL。一開始，李講師並沒有直接切入到資料庫的環節，而是先講述有關現行資訊的走向以及未來趨勢。他先從下列四點開始講述:1.社會經歷 & 職涯建議 2.Azure Data Platform 3.Azure SQL Database Service 4.Azure NoSQL Database Service.最讓我印象深刻的是Azure SQL Database Service的部分，他既方便而且兼顧安全，相當符合現在資安意識高漲的資訊時代；他又有自動備份、時間點還原、主動示異地複寫、自動容錯移轉群組及區域多於資料庫。大家可能會疑惑最後一點的用意，其實SQL Database 可讓客戶跨多個可用性區域佈建進階或業務關鍵資料庫或彈性集區。 因為這些資料庫和彈性集區有多個重複的複本可提供高可用性，所以將這些複本放在多個可用性區域中，可以提高復原能力。 這包括能夠從資料中心規模的失敗中自動復原，而不會遺失資料。  
089	W07	215	87	  在這節課當中我們了解到了在伺服器中建設資料庫的知識，像是如何在這裡連結SQL並且處理相關資料庫等等。由別於一直以來上課的老師，往往按著課本照本宣科，隨然看似有組織架構的感覺，但卻沒有比這樣由多元的上學習來的有效，在這堂課中，讓我覺得受益良多，甚至使得我在課程之後還會想要回家去稍為的研究在伺服器中建設資料庫的知識，我們都知道未來有關伺服器人工智慧相關的能力對我們這個科系勢必是必備的能力，也希望在這堂課中學習的一切能夠在未來的工作上用到!  
090	W07	180	73	  今天內容從名字來看，SQL 是 Structured Query Language 的簡寫，就是指一套層次分明、規定清楚的查資料指令，而 NoSQL 是 Not Only SQL，除了 SQL 以外的查詢方法，都屬於後者。單從字面就看出他們出現的先後，SQL 在前，NoSQL 在後。另外，「部分容忍性」是我覺得非常有趣的地方，從字面來看。可以解釋成，這是一種不完美苛求，而要能容忍部分錯誤（正確的反面多半為錯誤）的能力，技術層面來說就是資料庫在執行任務時，發現資料部分有遺失、不一致，並不會影響整個資料庫的運作。這次的內容我覺得非常的有趣。  
091	W07	172	68	  今天是請到Justin講師來為我們演講，今天我們上的是Azure Data Services-SQL- NOSQL的服務，先前開始也講述他的社會經歷，在大學以及職場上的經驗，讓我了解許多，其中課程在之前的演講也有提到，就是資料庫的東西，PaaS的好處以及DBMS、NoSQL等等，其實在我們大三的課程中都有學到，藉著這次的講解讓我更印象深刻和收取了不少知識，畢竟資料庫在資管系中是個不可取代的東西，希望能對我未來的工作上能如虎添翼。  
092	W07	166	66	  SQL 就是一個拿來查詢資料庫的語言。因為他只是一個語言，所以你沒辦法說「我的程式是用 SQL 當資料庫」。SQL 並不是一個資料庫系統，MySQL 才是。  NoSQL，這個名詞只是為了強調他跟上面我們講的那些關聯式資料庫系統不太一樣，所以用了 NoSQL 這個詞。其中最大的差別大概就是 NoSQL 沒有 schema 這種東西，所以你不必事先知道你要存哪些資料。這樣的好處當然就是比較彈性，可是相對的你在查詢資料的時候速度也會比較慢一點。而且這些 NoSQL 系統，儲存資料的格式通常都是 JSON。NoSQL 最適合的一點是搜集數據。例如說現在很多手機 App 其實會偷偷搜集你資料傳回去，做一些數據分析之類的。  SQL 跟 NoSQL 並不是互斥的概念，你可以在你的系統裡面用 SQL 類的資料庫系統儲存文章、評論，同時也用 NoSQL 類的資料庫來搜集使用者資訊。  
093	W07	196	81	  今天李御安講師先分享了關於工作的一些心路歷程，尤其強調了「態度」可以決定一切，從每個禮拜過來分享的的講師可以發現，他們不只有很強的實力，在想法上也都與大家不同，很值得我們學習。  講師先從現今資料庫所遇到的問題講起，像是效能低落及維運不易，而以前需要花費1.2個月的時間才能建構出一個完整的資料庫，現在透過雲端資料庫只需要3-5分鐘就能完成部署，也不再需要硬體成本，而全球的部署也更加靈活，還能夠智能化的維運。  除此之外，講師也介紹了SQL與NoSQL的差別，SQL所強調的一致性讓他必須使每次的搜尋結果都相同，而NoSQL不管中間過程的順序如何，只需要結果一樣即可，不管中間過程的順序如何，就像講師說的，沒有哪個比較好，只有哪個比較適合。  
094	W07	161	64	  今天的課程內容主要是資料庫，剛好去年才上過資料庫的課程，基本概念都還記得。今天談到的實作部分就是使用 Azure 入口網站，在 Azure SQL Database 中建立單一資料庫，而Azure關於資料庫其中一個重要服務就是Azure Cosmos DB，它讓開發人員更容易建置全球化的分散式程式，也可根據需求在任何時候及任何Azure服務的區域擴大儲存能力；也支援SQL dialect、MongoDB API、Gremlin API與Azure Table Storage API等各式API；且提供了全方位的服務水準協議（SLA）。所謂的SLA指的是服務提供者與使用客戶之間，應就服務品質、水準以及性能等方面達成協議或訂定契約。這幾堂課出現越來越多相關的陌生專有名詞，有時候需要自己在多查一些資料才能更佳的了解整堂課的內容。  
095	W07	164	65	  本週的講座主題是Azure Data Service-SQL & NoSQL。講師首先簡單說明客戶現今遇到的挑戰，分別是更多硬體成本、效能低落、快速全球部屬和維運不易，以及使用Azure雲端資料庫的好處。再來是關聯式資料庫（DBMS）和非關聯式資料庫(NoSQL)的介紹和比較開發者何時該用NoSQL或SQL，DBMS是建立在關聯模型基礎上的資料庫，藉助於集合代數等數學概念和方法來處理資料庫中的資料。現實世界中的各種實體以及實體之間的各種聯絡均用關聯模型來表示。NoSQL會使用針對所要儲存之資料類型的特定需求所最佳化的儲存體模型。 比方說，資料可能會儲存為簡單的索引鍵/值組、JSON 文件，或包含邊緣和頂點的圖表。  
096	W07	223	89	  這個禮拜請到的講師，主要介紹的是資料庫，首先他介紹了關聯式資料庫跟非關聯式資料庫的差異，關聯式資料庫是比較嚴謹的設定，資料庫需要先設定好所有的屬性，但如果之後要更改資料庫的屬性，就需要把資料庫先暫停，對一些較重要的資料，可能會造成問題，也會無法進行登入，網站也會暫時無法使用，，但是非關聯式資料庫主要則是用JSON交換資料，這樣就能解決關聯式資料庫的問題，兩者也沒有好壞之分，主要還是看想要儲存的資料庫是哪一種類型的，才能決定是要使用哪一種資料庫。  
097	W07	229	90	  今天的講師是李御安老師，老師在課程的一開始先分享了自己的社會經歷，另外也帶給我們一些職涯建議。李老師建議我們可以多多參加社團活動，如果有機會與時間的話也鼓勵我們去企業實習，因為外商比起學歷更在意的是你的大學生活是不是很多元化。李老師也分享了自己在微軟工作的經驗，我認為其中最重要的一句是「不要怕做錯」，老師說剛出社會的我們很容易做錯很多事情，但正是因為剛畢業，所以大家會比較體諒，所以不要因為害怕做錯事情而畏縮。  
098	W07	183	74	  今天講師介紹了SQL、NoSQL的差別與個別介紹，首先介紹是目前學過的關聯式資料庫，透過三階正規化做資料分類、處理，並且透過拉關聯幫助後續找尋需要的資料，製成資料表關聯圖。NoSQL與以往所學的資料庫不同，為非關聯式資料庫，可以透過這堂課實作NoSQL真的是難得的機會，但對於還未對NoSQL有基本的理解，而直接作實作會有點難理解，且投影幕過遠看不清楚操作內容，又遇到帳號有問題，所以無法即時跟上步驟，後面就落掉了有點可惜。如要為確保資料的一致性將會選擇使用SQL，如不在乎過程只在意結果將可以選擇使用NoSQL。  
099	W07	169	67	  這次的講師主要跟我講了有關Azure Data Services – SQL & NoSQL的知識，非常的新穎，感覺很有條理。  目前的客戶有著很多需求和想法。在Azure中都可以一一的被解決。無須硬體成本，有彈性的效能，同時又在全球有很多的靈活佈署，實則是給客戶解決了許多的問題。同時在其中的SQL和NoSQL部分中，各有自己的特點。 其中SQL中的大綱無彈性，強調一致性 (SQL Database)而NoSQL大綱具彈性，強調效能 (Azure Cosmos DB)。所以各自有著不同的框架結構也是非常的強大。  
100	W07	129	61	  講師這次講解了Azure Data Service中的SQL和NoSQL。講師首先通過講解自己的工作經歷以及客戶所遇到的問題，如硬體成本高、效能低落、如何在全球快速部署和維護不易來引出Azure 雲端資料庫 (PaaS) 好處。接著講解了SQL和NoSQL以及他們的優缺點，SQL大綱無彈性，強調一致性 (SQL Database)NoSQL大綱具彈性，強調效能 (Azure Cosmos DB)。接著比較了企業自建資料庫和雲端資料庫效能、安全性、可用性以及業務需求來突出雲端資料庫的優勢。最後講解了API，因應網路平臺的多樣性的發展，許多大型網站平臺逐漸開放物件功能和資訊與其它網站進行串接、共用，不僅能接觸整合多元資訊，更可以提升跨平臺使用者的友善性，達到平臺多元發展的市占性。  
101	W07	232	93	  今天講者為我們講解的主題是Azure的資料庫技術，用SQL跟NoSQL的方法如何解構與儲存這些的資料。講者用他自己的經驗講了一下他如何進入微軟公司，也鼓勵我們心態跟態度上一定要好，給公司的同事們有一個好的第一印象，有好的第一印象有助大家可以在一個公司裡站穩的住，所以我們在一間公司裡面，要有一個好的工作態度。  接下來他為我們講解了雲端對於客戶的好處，對於企業來講是一個很好的工具讓他們把大量資料放上雲端上，也減免了很多紙張上的浪費。所以現在基本上都是在一個雲端的時代，需要好好的使用這些有助於效率的工具。  
102	W07	251	99	  azure 雲端資料庫有很多好處,無須硬體成本,彈性效能擴展,全球靈活,智能化維運,都非常方便.我之前都沒有了解到有這個應用,真的很開心可以在這堂課裡學習到,我非常開心可以修得到這堂課,講師非常專業,學習到很多東西.  
103	W07	165	65	  今日講者做了一個自我介紹，講說了他的求學期間的經歷以及畢業後的方向以及他在工作期間需重點關注的問題的部分，在之後出了社會會面臨各式各樣的問題這裏令我印象深刻。講者在azure 的部分上，講述了關於雲端資料的安全性，在之前我去了第23屆資訊應用服務創新競賽中參觀看到了一組關於資訊安全的隊伍講述關於航空公司客戶資料存儲在雲端上被盜為啟發的專題的事情這令我對雲端的不安全性有新的認識，SQL與雲端關聯式資料PaaS之間的關聯，要如何開啟在azure增建SQL程式碼的方法，令我學到更多。  
104	W07	183	75	  今天微軟講師講的我覺得他一直在提只會資料庫的話在職埸是不夠的，還是要會打一些程式才能在職埸打拼。那這節是在說作為數據專業人士，要讓我們知道某些情形，特別是涉及實時分析，站點個性化，物聯網和移動應用程序的情形，與關係數據庫相比，NoSQL存儲和計算解決方案可以更好地解決。Microsoft Azure有多個NoSQL非關係數據存儲選項可供選擇。通常將NoSQL數據庫構建為可在許多服務器之間分佈和分區。它們的構建旨在橫向擴展以實現高可用性，並且足夠靈活以處理半結構化和非結構化數據。如果您的數據模型在不斷發展並且想要快速發展，那麼這就是這些數據庫的目的。  
105	W07	191	78	  這週Justin講師主要講授Azure Service中SQL & NoSQL service。平時在校我們大多接觸SQL Service。上完這堂課程使我認識到No SQL ，它是一種不同於關聯型資料庫管理系統設計方式，如講師比喻關聯型資料庫如同一個制式書櫃，分每層及每格，能放的書大小是有規定的，利用 table 表示，也就是資料的樣態如同書本般，是有一定大小規範的，那就很容易處理，但是資料如果是包裹，如同檔案，有大有小，如何放置在書架上，也就是說關聯型資料庫是不合適處理。  傳統應用資料都是結構化，在應用上就很便利，但是在大數據應用中，資料格式多元， 有大有小，所以結構化的資料庫在擴展及應用上就受限，典型的現代關連式資料庫在資料密集型應用上都有效能欠佳的問題，包括索引大量的文件，對於高流量的網站無法滿足其效 能，對於串流媒體格式無法提供存取。所以在非結構化資料的領域中，代而起之的是 NoSQL。  深入探討 NoSQL後，這種技術允許使用者以不同於關聯式資料庫概念，用行列存儲的格式來抓取信息提供服務。而關聯式資料庫因為具有支援非常複雜的資料表結構，每次的 Transaction 所花費的計算是相當大的，如果每秒都有上千次，甚至上萬次對關聯式資料庫進行讀寫，就會讓整個資料庫負荷相當沈重。  因為一般社交網站每天可以產生數以千萬計的用戶動態訊息，每月達到以億為單位，對關聯式資料庫來說，查詢一個以億為單位的資料表，是極沒有效率且無法忍受的，而且關聯式資料庫是相當難以進行橫向擴充的，往往必須進行停機來進行資料庫的擴充及轉移，無法動態進行資料庫新增節點和負載平衡的工作。上完這堂課後我將會多多嘗試 Azure NoSQL Service。  
106	W07	214	86	  
107	W07	170	68	"  今天講師所說明的課程是我稍微熟悉的，講師給的概念對我來說非常受用，的確資料就是一切，現在社會走的趨勢就是BIG DATA、Cloud 、AI，企業在乎的是安全，好用，人性化，數據化，有資料背景支撐的數據才具意義。  介紹Azure 雲端資料庫(PaaS)的好處  介紹關聯式資料庫概念後，實作在Azure Database Service 上，使用SQL語法查詢。  介紹非關聯式資料庫(NoSQL)，給特定的需求做的，並非放在所有系統都適合，使用""Collection"" , ""Document"" 的概念，每個Collection內放入Document，每個Document內以""KEY- VALUE""的方式儲存資料，對於不斷變更欄位的資料需求的企業來說，會比較方便而直觀。  第二堂課實際使用Azure的雲端資料庫功能，下指令在資料庫內，我成功了，很開心。  "
108	W07	188	77	  Azure 雲端資料庫 (PaaS) 好處有  無須硬體成本 ,彈性效能擴展 ,全球靈活部屬, 智能化維運  關聯式資料庫（DBMS）  關聯式資料庫是建立在關聯模型基礎上的資料庫，藉助於集合代數等數學概念和方法來處理資料庫中的資料。現實世界中 的各種實體以及實體之間的各種聯絡均用關聯模型來表示  ACID， 必須具備的四個特性：不可分割性（Atomicity）、一致性（Consistency）、隔離性（Isolation，又稱獨 立性）、持久性（Durability）。  非關聯式資料庫 (NoSQL)  NoSQL 指資料存放區不會使用 SQL 進行查詢，而是會改用其他程式設計語言和建構 來查詢資料  使用nosql時機是處理大型或變更數據集  sql則是架構必須維護並保持同步在應用程序和數據庫之間  
109	W07	126	61	  講師的社會經歷分享讓我受益良多。雲端是甚麼?雲端是藉由實體的data center儲存資料，並且在analiable zone 裡有2~3個data center，而在世界各地有許多region裡面有好幾個AZ而資料就會在AZ裡互相傳輸，客戶就是在租用DATA CENTER。雲端的優點:免機房、國際化、彈性高、管理容易、縮短時間與空間。而雲端使用的資料庫為No SQL。實作建立的雲端資料庫也講解得很清楚，從勾選巷道每個選項的細節都很詳細，也講解了雲端的實際案例，到最後是實際元端資料庫演練，今天真的是受益良多。  
110	W07	178	71	  本周講座課程講師說明Azure Data Platform、Azure SQL Database Service及Azure NoSQL Database Service，而討論前先說明客戶現今遇到的四大挑戰，分別為更多硬體成本、效能低落、快速全球部屬、維運不易，再來說明Azure 雲端資料庫的好處，例如:無須硬體成本、彈性效能擴展、全球靈活部屬、智能化維運，解決了先前講到的客戶四大挑戰。課程中也介紹了關聯式資料庫及非關聯式資料庫，分別為建立在關聯模型基礎上的資料庫，藉助於集合代數等數學概念和方法來處理資料庫中的資料，及使用針對所要儲存之資料類型的特定需求所最佳化的儲存體模型。  
