word	len
圖片	2
文章	2
可以	2
表示	2
公司	2
訊息	2
連結	2
引用	2
私人	2
編號	2
台灣	2
市場	2
個人	2
沒有	2
載入	2
電腦	2
我們	2
問題	2
10	2
目前	2
因為	2
記者	2
自己	2
中國	2
美國	2
使用	2
今年	2
惡魔	2
時間	2
可能	2
經濟	2
產品	2
積分	2
提供	2
不過	2
報導	2
活動	2
進行	2
如果	2
已經	2
投資	2
企業	2
圖示	2
行動	2
系統	2
12	2
以及	2
今天	2
發展	2
遊戲	2
就是	2
第一	2
應用	2
設計	2
手機	2
他們	2
還是	2
工作	2
服務	2
11	2
同時	2
現在	2
認為	2
美元	2
指出	2
開始	2
價格	2
相關	2
所以	2
選擇	2
國際	2
新聞	2
希望	2
去年	2
生活	2
國家	2
政府	2
其他	2
基金	2
20	2
全球	2
01	2
台北	2
因此	2
民眾	2
包括	2
這樣	2
成為	2
大陸	2
對於	2
推出	2
流行	2
出現	2
日本	2
功能	2
應該	2
但是	2
未來	2
影響	2
不會	2
大家	2
15	2
比較	2
世界	2
發現	2
主要	2
技術	2
雖然	2
這裡	2
需要	2
免費	2
方式	2
增加	2
其中	2
30	2
顯示	2
蘋果	2
知道	2
5月	2
表現	2
除了	2
方面	2
返回	2
4月	2
更多	2
政策	2
由於	2
情況	2
重要	2
安全	2
非常	2
之後	2
16	2
討論	2
不同	2
發生	2
管理	2
這些	2
部分	2
合作	2
13	2
人員	2
獲得	2
看到	2
持續	2
動力	2
很多	2
網路	2
14	2
以上	2
特別	2
總統	2
為了	2
社會	2
無法	2
真的	2
產業	2
系列	2
建議	2
學生	2
資料	2
機會	2
地區	2
前往	2
超過	2
要求	2
主題	2
影片	2
檢視	2
成長	2
18	2
通過	2
一樣	2
品牌	2
另外	2
根據	2
透過	2
需求	2
時尚	2
上市	2
最後	2
17	2
許多	2
網站	2
通訊	2
女性	2
相機	2
內容	2
所有	2
支持	2
媒體	2
而且	2
覺得	2
玩家	2
02	2
影音	2
一下	2
國內	2
指數	2
造成	2
環境	2
結果	2
擁有	2
攝影	2
相當	2
第二	2
一些	2
什麼	2
一定	2
是否	2
報告	2
03	2
關係	2
04	2
甚至	2
進入	2
資金	2
09	2
不能	2
23	2
22	2
繼續	2
21	2
銷售	2
一直	2
直接	2
加上	2
其實	2
必須	2
只要	2
完成	2
娛樂	2
調查	2
比賽	2
19	2
分享	2
時候	2
金融	2
項目	2
08	2
處理	2
解決	2
6月	2
參加	2
05	2
銀行	2
如何	2
研究	2
接受	2
一般	2
以來	2
能力	2
科技	2
針對	2
之前	2
06	2
交易	2
地方	2
能夠	2
代表	2
文化	2
機車	2
過去	2
專業	2
現場	2
空間	2
機構	2
北京	2
07	2
達到	2
數據	2
軟體	2
汽車	2
資訊	2
朋友	2
業務	2
25	2
任何	2
3月	2
單位	2
生產	2
規定	2
歐洲	2
增長	2
00	2
此外	2
方案	2
發表	2
調整	2
標準	2
決定	2
24	2
只是	2
綜合	2
鎖定	2
提出	2
電影	2
資產	2
預期	2
論壇	2
最近	2
開發	2
昨天	2
電話	2
人士	2
購買	2
期間	2
風險	2
會議	2
模式	2
電子	2
提升	2
舉辦	2
成本	2
參與	2
作為	2
強調	2
..	2
完全	2
50	2
教育	2
正式	2
香港	2
成功	2
引擎	2
業者	2
或是	2
分別	2
學校	2
單車	2
孩子	2
舉行	2
首頁	2
小時	2
計畫	2
狀況	2
下載	2
列印	2
減少	2
健康	2
訂閱	2
友善	2
大大	2
喜歡	2
不僅	2
公布	2
客戶	2
螢幕	2
一起	2
預計	2
原因	2
微博	2
不要	2
受到	2
居家	2
天地	2
列表	2
感覺	2
基本	2
警方	2
全新	2
過程	2
消息	2
平均	2
經營	2
實際	2
版面	2
當然	2
加入	2
勇者	2
當時	2
不斷	2
目標	2
建設	2
第1	2
集團	2
不少	2
有關	2
群組	2
上漲	2
站務	2
商品	2
操作	2
準備	2
頁首	2
音樂	2
資源	2
來源	2
利用	2
至於	2
整體	2
兩岸	2
房事	2
共同	2
經驗	2
了解	2
體驗	2
推動	2
發行	2
明顯	2
壓力	2
分鐘	2
下午	2
運動	2
測試	2
積極	2
效果	2
左右	2
照片	2
穩定	2
傳統	2
28	2
網友	2
提高	2
收入	2
營收	2
執行	2
城市	2
導致	2
搭配	2
公開	2
維持	2
經過	2
控制	2
長期	2
人氣	2
取得	2
歷史	2
27	2
行業	2
股票	2
組織	2
容易	2
具有	2
帶來	2
開放	2
部門	2
分析	2
40	2
股市	2
不錯	2
以下	2
速度	2
價值	2
第三	2
一點	2
證券	2
上海	2
怎麼	2
上午	2
日前	2
優惠	2
電視	2
家庭	2
嚴重	2
來自	2
消費	2
申請	2
旅遊	2
事件	2
平台	2
金額	2
26	2
英國	2
創新	2
採用	2
關注	2
有限	2
說明	2
當地	2
版本	2
東西	2
電池	2
關於	2
降低	2
介紹	2
廠商	2
得到	2
危機	2
改善	2
支援	2
連續	2
品質	2
設定	2
感謝	2
協助	2
之間	2
亞洲	2
醫師	2
產生	2
用戶	2
努力	2
面對	2
謝謝	2
大幅	2
隨著	2
下跌	2
有效	2
29	2
改革	2
注意	2
正常	2
原本	2
同樣	2
公告	2
符合	2
重點	2
宣布	2
規模	2
保護	2
官方	2
工程	2
重新	2
參考	2
基礎	2
規劃	2
治療	2
馬上	2
如此	2
只有	2
作品	2
尤其	2
同好	2
成立	2
歡迎	2
立委	2
結合	2
股東	2
員工	2
加強	2
高雄	2
視訊	2
之外	2
先生	2
政治	2
並且	2
實施	2
改變	2
結束	2
考慮	2
拍攝	2
幫助	2
實現	2
狀態	2
程式	2
條件	2
學習	2
措施	2
最佳	2
85	2
正在	2
台股	2
更新	2
相信	2
存在	2
召開	2
確定	2
雙方	2
快速	2
筆電	2
辦法	2
比例	2
畫面	2
小弟	2
費用	2
設備	2
老師	2
責任	2
興趣	2
德國	2
mm	2
昨日	2
簡單	2
自動	2
食品	2
因素	2
上網	2
建立	2
自然	2
高達	2
團隊	2
媽媽	2
31	2
挑戰	2
領域	2
性能	2
近期	2
下降	2
避免	2
意見	2
特色	2
即將	2
然後	2
起來	2
擔任	2
行為	2
成績	2
呈現	2
相對	2
告訴	2
回應	2
專家	2
發布	2
擴大	2
資本	2
統計	2
男子	2
優勢	2
信息	2
吸引	2
法國	2
或者	2
出來	2
好像	2
配合	2
方法	2
60	2
期待	2
年度	2
製作	2
中央	2
配備	2
精神	2
競爭	2
醫院	2
檢查	2
數位	2
廣告	2
全面	2
保持	2
變化	2
貸款	2
可是	2
重大	2
貨幣	2
階段	2
制度	2
債券	2
看看	2
邀請	2
更加	2
至少	2
展開	2
擔心	2
韓國	2
方便	2
原廠	2
故事	2
值得	2
豐富	2
附近	2
事實	2
升級	2
範圍	2
幾乎	2
出口	2
月份	2
環保	2
獲利	2
出席	2
醫療	2
趨勢	2
方向	2
貿易	2
車輛	2
交通	2
今日	2
獨立	2
人民	2
規格	2
清楚	2
例如	2
面臨	2
利率	2
第2	2
不用	2
安裝	2
角色	2
後來	2
位置	2
風格	2
工業	2
股價	2
反應	2
搭載	2
而言	2
歐元	2
時代	2
平板	2
有點	2
辦理	2
大型	2
報價	2
32	2
2月	2
35	2
想要	2
關鍵	2
整合	2
研發	2
似乎	2
享受	2
自由	2
藝術	2
事情	2
預估	2
程度	2
售價	2
再度	2
打造	2
透露	2
安排	2
外觀	2
黃金	2
紀錄	2
作業	2
形成	2
核心	2
區域	2
絕對	2
大學	2
這麼	2
找到	2
土地	2
公里	2
選舉	2
主席	2
策略	2
水平	2
適合	2
會員	2
數量	2
主管	2
真正	2
希臘	2
能源	2
身體	2
結構	2
大量	2
變成	2
展現	2
收益	2
動作	2
利潤	2
協議	2
現金	2
配置	2
裝置	2
機制	2
GB	2
投入	2
不但	2
冠軍	2
業績	2
營業	2
引發	2
而是	2
演出	2
領先	2
輕鬆	2
交流	2
然而	2
即使	2
股份	2
上述	2
即可	2
新興	2
地點	2
再次	2
十分	2
保障	2
車款	2
央行	2
立即	2
位於	2
人數	2
根本	2
推薦	2
進口	2
多少	2
采用	2
財務	2
車主	2
協會	2
三星	2
官員	2
造型	2
知名	2
保險	2
完整	2
儘管	2
以後	2
情形	2
肯定	2
事業	2
同意	2
最終	2
全部	2
滿足	2
停止	2
法律	2
利益	2
7月	2
那麼	2
屬於	2
無線	2
台中	2
負責	2
創意	2
鼓勵	2
就業	2
引起	2
便宜	2
季度	2
內部	2
發揮	2
漲幅	2
日期	2
包含	2
啟動	2
行情	2
商業	2
終於	2
保證	2
不足	2
持有	2
距離	2
裡面	2
為主	2
效能	2
議題	2
以前	2
團體	2
突破	2
製造	2
逐漸	2
現象	2
最好	2
觀察	2
部份	2
社區	2
輸出	2
提醒	2
任務	2
順利	2
兒童	2
實在	2
限制	2
定位	2
營運	2
45	2
態度	2
基地	2
請問	2
具備	2
上升	2
指標	2
下滑	2
我國	2
新版	2
習慣	2
主任	2
創造	2
目的	2
道路	2
堅持	2
網絡	2
使得	2
信心	2
無論	2
唯一	2
財政	2
確實	2
導航	2
期貨	2
報名	2
名稱	2
旗下	2
生命	2
可望	2
意外	2
不得	2
反彈	2
駕駛	2
評估	2
帶動	2
閱讀	2
對手	2
家長	2
內建	2
節目	2
短期	2
委員	2
詳細	2
檔案	2
工具	2
市長	2
董事	2
節能	2
至今	2
硬碟	2
特殊	2
作用	2
居民	2
年輕	2
鏡頭	2
概念	2
成員	2
車型	2
相同	2
感到	2
低於	2
法人	2
完美	2
仍然	2
通知	2
聊天	2
影像	2
運用	2
本身	2
看來	2
同步	2
原來	2
訓練	2
一切	2
加速	2
類似	2
高度	2
願意	2
排名	2
預算	2
領導	2
印度	2
專案	2
80	2
展示	2
整理	2
機關	2
智慧	2
水準	2
按照	2
充滿	2
阿片	2
走勢	2
高速	2
具體	2
民間	2
強化	2
來到	2
曾經	2
cc	2
近日	2
人才	2
陸續	2
1月	2
經典	2
分類	2
公共	2
患者	2
修正	2
計算	2
觀光	2
教授	2
呼籲	2
有所	2
重視	2
當天	2
溝通	2
尺寸	2
恢復	2
觀眾	2
截至	2
尚未	2
明年	2
效率	2
表演	2
導演	2
影城	2
促進	2
聯盟	2
不管	2
建築	2
在於	2
刺激	2
成交	2
球隊	2
選手	2
組合	2
新增	2
感受	2
程序	2
近年	2
事項	2
國外	2
球員	2
對方	2
第四	2
外資	2
移動	2
編輯	2
原則	2
之下	2
機身	2
1日	2
戰略	2
意義	2
油價	2
到底	2
回到	2
突然	2
評論	2
表達	2
海外	2
地圖	2
股權	2
遇到	2
家人	2
公尺	2
累計	2
融資	2
晚上	2
良好	2
行政	2
或許	2
公園	2
證明	2
同學	2
不可	2
反對	2
計劃	2
收到	2
別人	2
損失	2
反而	2
聯合	2
達成	2
通常	2
9月	2
遊客	2
如今	2
材料	2
33	2
合併	2
聲音	2
離開	2
依然	2
官網	2
自行	2
主動	2
歐盟	2
不再	2
母親	2
人口	2
藉由	2
角度	2
當中	2
外界	2
明確	2
給予	2
手術	2
小孩	2
鍵盤	2
飯店	2
太多	2
……	2
權益	2
輸入	2
最多	2
相比	2
死亡	2
困難	2
介面	2
確認	2
體系	2
合理	2
市府	2
力量	2
承諾	2
登場	2
行銷	2
大概	2
預測	2
統一	2
疾病	2
幅度	2
女兒	2
職業	2
查詢	2
質疑	2
人生	2
首先	2
文件	2
機場	2
容量	2
照顧	2
36	2
實力	2
多數	2
難以	2
對象	2
兒子	2
充分	2
做出	2
處於	2
景氣	2
補助	2
倫敦	2
55	2
所謂	2
創作	2
大會	2
考量	2
收購	2
面積	2
幸福	2
訪問	2
開啟	2
生態	2
黑色	2
首度	2
可愛	2
因應	2
推廣	2
提到	2
那些	2
虧損	2
美女	2
債務	2
8月	2
授權	2
課程	2
設施	2
正確	2
上面	2
補充	2
小組	2
真館	2
70	2
確保	2
並未	2
網頁	2
接近	2
聯繫	2
掌握	2
歐債	2
科學	2
傳出	2
考生	2
知識	2
為何	2
支撐	2
跌幅	2
必要	2
面板	2
適用	2
HD	2
網址	2
互動	2
登記	2
90	2
民國	2
34	2
38	2
人物	2
以為	2
現代	2
數字	2
投票	2
›.	2
物價	2
拿到	2
金屬	2
PC	2
超級	2
公斤	2
隨時	2
航空	2
更為	2
認識	2
集中	2
看好	2
一旦	2
父母	2
園區	2
案件	2
固定	2
電價	2
並非	2
獨特	2
南韓	2
背景	2
地址	2
修改	2
本來	2
供應	2
經常	2
訂單	2
攻擊	2
第3	2
行程	2
宣傳	2
為止	2
解釋	2
印象	2
情緒	2
運作	2
先前	2
顏色	2
族群	2
開機	2
不論	2
反映	2
教學	2
藥物	2
依據	2
新浪	2
食物	2
合約	2
症狀	2
機器	2
議員	2
拿下	2
形象	2
臉書	2
快樂	2
農業	2
經理	2
播放	2
材質	2
剛剛	2
餐廳	2
像素	2
資格	2
共有	2
市民	2
不只	2
維護	2
地位	2
衛生	2
設置	2
隨後	2
爭取	2
驅動	2
電源	2
審議	2
機種	2
衝擊	2
37	2
大約	2
聲明	2
賽事	2
父親	2
分配	2
支付	2
名單	2
當年	2
採取	2
紐約	2
台南	2
晶片	2
支出	2
畢業	2
於是	2
女子	2
車身	2
高級	2
頂級	2
竟然	2
中文	2
畢竟	2
落實	2
監管	2
回家	2
設立	2
大小	2
電信	2
民主	2
關心	2
主角	2
奧運	2
匯率	2
創下	2
不然	2
大眾	2
新高	2
主辦	2
決議	2
考試	2
深圳	2
小說	2
of	2
估計	2
42	2
紛紛	2
幫忙	2
議案	2
涉及	2
普遍	2
綠色	2
類型	2
當初	2
48	2
成果	2
公路	2
開心	2
詢問	2
記得	2
歐美	2
限量	2
觸控	2
規範	2
一段	2
頻道	2
時期	2
代理	2
重量	2
搜尋	2
精彩	2
負擔	2
電力	2
路線	2
當前	2
英文	2
老闆	2
以往	2
出貨	2
爭議	2
美麗	2
組成	2
HP	2
嚴格	2
39	2
一路	2
熱情	2
店家	2
迅速	2
商家	2
貢獻	2
傷害	2
美食	2
直到	2
差異	2
不如	2
雜誌	2
優質	2
理念	2
緊急	2
晚間	2
先進	2
看過	2
經歷	2
記錄	2
微軟	2
累積	2
後續	2
從事	2
說法	2
計划	2
協商	2
動物	2
41	2
做好	2
公平	2
台電	2
強大	2
專屬	2
訊號	2
打開	2
動態	2
有的	2
即時	2
硬體	2
中小	2
總是	2
明天	2
喜愛	2
法院	2
律師	2
NB	2
引進	2
一半	2
屏幕	2
正面	2
留下	2
眾多	2
下來	2
賽季	2
賽車	2
工廠	2
逐步	2
完善	2
追蹤	2
本文	2
華碩	2
白色	2
高於	2
馬力	2
感染	2
自我	2
等級	2
危險	2
真是	2
回答	2
就算	2
總裁	2
放棄	2
你們	2
認證	2
延續	2
否則	2
相較	2
天氣	2
心理	2
衛星	2
架構	2
保固	2
46	2
的確	2
錯誤	2
愛情	2
推進	2
一同	2
43	2
北韓	2
心情	2
招生	2
廣州	2
粉絲	2
平衡	2
追求	2
旅客	2
麻煩	2
思考	2
質感	2
遭到	2
存款	2
儲存	2
作者	2
焦點	2
維修	2
商務	2
桃園	2
超越	2
即日	2
觀看	2
成人	2
酒店	2
註冊	2
哪裡	2
抗議	2
收費	2
參賽	2
青年	2
強烈	2
44	2
調漲	2
受傷	2
帶領	2
真實	2
開幕	2
參觀	2
比如	2
外型	2
業界	2
深入	2
公佈	2
明星	2
樂觀	2
回來	2
缺乏	2
批評	2
普通	2
醫生	2
NT	2
車隊	2
審查	2
.‹	2
其它	2
樂趣	2
開展	2
病人	2
47	2
障礙	2
小姐	2
中華	2
評價	2
校長	2
變得	2
總額	2
52	2
周邊	2
人次	2
澳洲	2
49	2
人類	2
顯卡	2
視頻	2
休閒	2
算是	2
學者	2
緊張	2
智能	2
產能	2
弱勢	2
較為	2
客服	2
定期	2
小心	2
聽到	2
51	2
to	2
細節	2
大盤	2
質量	2
肌膚	2
往往	2
理想	2
親自	2
看法	2
簽署	2
排除	2
培養	2
氣氛	2
展出	2
優秀	2
接著	2
飛機	2
58	2
打算	2
下去	2
和平	2
而已	2
寶寶	2
豪華	2
退出	2
演員	2
男性	2
盈餘	2
依舊	2
雲端	2
大選	2
取消	2
大樓	2
立場	2
瞭解	2
募集	2
英寸	2
多元	2
進步	2
國小	2
加大	2
好好	2
景點	2
運行	2
篩選	2
色彩	2
打擊	2
事故	2
也許	2
滿意	2
共識	2
眼睛	2
保留	2
中心	2
石油	2
常常	2
等待	2
想法	2
台幣	2
地震	2
號碼	2
預定	2
理由	2
IE	2
56	2
魅力	2
交友	2
違反	2
廣場	2
對話	2
57	2
耳機	2
主流	2
比重	2
地球	2
衰退	2
柴油	2
提前	2
出發	2
加快	2
尊重	2
依照	2
泰國	2
尋找	2
夢想	2
安打	2
拒絕	2
放大	2
購物	2
初步	2
欣賞	2
拍照	2
東京	2
勞工	2
披露	2
類股	2
犯罪	2
意思	2
接口	2
差距	2
型號	2
--	2
補貼	2
談判	2
延伸	2
人力	2
威脅	2
可惜	2
成熟	2
重慶	2
車系	2
農民	2
人們	2
指導	2
玻璃	2
巨大	2
世代	2
53	2
發出	2
汽油	2
曝光	2
合計	2
暫時	2
獎金	2
校園	2
標籤	2
臺灣	2
協調	2
失去	2
經費	2
規則	2
增速	2
接觸	2
波動	2
夥伴	2
如下	2
年齡	2
海洋	2
一致	2
家族	2
視覺	2
軟件	2
加油	2
教師	2
轉型	2
咖啡	2
獨家	2
決策	2
基於	2
承認	2
第4	2
檢測	2
創業	2
國會	2
操控	2
跑車	2
充電	2
54	2
顧客	2
陷入	2
自身	2
全力	2
扮演	2
能否	2
判斷	2
新車	2
男人	2
機械	2
漂亮	2
形式	2
強勁	2
病毒	2
激烈	2
檢驗	2
簡稱	2
59	2
專利	2
指定	2
有趣	2
包裝	2
房價	2
破壞	2
現有	2
感動	2
著名	2
語言	2
收盤	2
做到	2
用於	2
新竹	2
贏得	2
中午	2
涉嫌	2
美牛	2
凌晨	2
舒適	2
圖資	2
飲食	2
想像	2
縣長	2
99	2
MB	2
房屋	2
國民	2
短線	2
庫存	2
結婚	2
病患	2
有時	2
立刻	2
臨時	2
主場	2
舞台	2
優異	2
家屬	2
變動	2
退休	2
高中	2
權利	2
皮膚	2
筆者	2
優先	2
納入	2
8日	2
怎樣	2
震盪	2
證實	2
液晶	2
藝人	2
本報	2
行車	2
老人	2
連線	2
不滿	2
空氣	2
保養	2
警察	2
失敗	2
享有	2
主權	2
住宅	2
主持	2
觀念	2
教練	2
瀏覽	2
休息	2
日圓	2
慢慢	2
64	2
尋求	2
恐怕	2
點擊	2
特性	2
視為	2
永遠	2
原油	2
總部	2
婦女	2
儀式	2
漫畫	2
千萬	2
日常	2
顧問	2
禁止	2
女人	2
妻子	2
高考	2
座椅	2
所得	2
進而	2
污染	2
巴西	2
效應	2
個性	2
溫度	2
持股	2
之中	2
天下	2
國人	2
裝備	2
出生	2
以外	2
7日	2
開出	2
扭力	2
身為	2
車手	2
法規	2
旅行	2
英雄	2
文字	2
早上	2
改裝	2
縣市	2
聯想	2
檢討	2
採購	2
球迷	2
亞太	2
近來	2
現實	2
hp	2
取代	2
回饋	2
慶祝	2
大廠	2
認定	2
第五	2
懷疑	2
有利	2
下調	2
認真	2
車展	2
依法	2
調降	2
開車	2
部位	2
宣佈	2
份額	2
效益	2
條例	2
元素	2
監督	2
過度	2
便利	2
嘗試	2
出色	2
轉換	2
女生	2
帳號	2
話題	2
65	2
女孩	2
總理	2
公益	2
專輯	2
中共	2
競賽	2
武器	2
6日	2
增強	2
上方	2
格局	2
錄取	2
屆時	2
本人	2
專門	2
軍事	2
行駛	2
不佳	2
密切	2
入手	2
連接	2
都市	2
自主	2
大多	2
煞車	2
主張	2
前景	2
同志	2
乘客	2
布局	2
運輸	2
公分	2
剛好	2
上周	2
紅色	2
輪胎	2
相互	2
9日	2
當日	2
申報	2
若是	2
典禮	2
首席	2
農村	2
足夠	2
眼鏡	2
顯然	2
專用	2
辛苦	2
獎勵	2
廣大	2
承擔	2
營養	2
合同	2
各界	2
房車	2
機率	2
回收	2
熱門	2
五月	2
工藝	2
傳輸	2
內裝	2
稱為	2
年底	2
衣服	2
客家	2
始終	2
人家	2
太陽	2
實體	2
爸爸	2
當局	2
樓主	2
更換	2
等到	2
IT	2
意識	2
高層	2
制定	2
外匯	2
少數	2
時機	2
牛肉	2
星期	2
及時	2
關閉	2
答案	2
財經	2
熟悉	2
爆發	2
遠傳	2
券商	2
預防	2
期限	2
生物	2
特定	2
資深	2
下列	2
員警	2
做法	2
油電	2
電動	2
鐵路	2
5日	2
中間	2
花蓮	2
縣府	2
不良	2
告知	2
體育	2
用來	2
通路	2
技能	2
4日	2
語音	2
選項	2
抵達	2
in	2
可見	2
疑慮	2
回覆	2
上班	2
越南	2
好友	2
短片	2
無限	2
主義	2
理解	2
時刻	2
信用	2
想到	2
身分	2
高興	2
廣泛	2
分為	2
主委	2
比率	2
民生	2
尼克	2
表決	2
采取	2
回升	2
事務	2
常見	2
捷運	2
決賽	2
單一	2
會計	2
做為	2
主力	2
激勵	2
違法	2
感情	2
登入	2
伊朗	2
紀念	2
十二	2
異常	2
人體	2
南部	2
by	2
除非	2
商機	2
盈利	2
顯得	2
學院	2
深刻	2
人權	2
複雜	2
價錢	2
鴻海	2
她們	2
落後	2
修法	2
2日	2
75	2
所在	2
生涯	2
把握	2
關懷	2
圖區	2
觀點	2
全民	2
價位	2
隊伍	2
下方	2
司機	2
區間	2
每年	2
索尼	2
漲價	2
采訪	2
擔憂	2
致力	2
高階	2
院長	2
司法	2
小型	2
回落	2
培訓	2
因而	2
績效	2
指示	2
精品	2
理財	2
現行	2
工資	2
通報	2
升值	2
外國	2
留言	2
浪漫	2
現貨	2
投手	2
志工	2
套件	2
立法	2
只好	2
既然	2
認同	2
精緻	2
作出	2
大賽	2
車廠	2
實用	2
提案	2
配件	2
外交	2
總體	2
轉向	2
薪資	2
高點	2
彼此	2
停權	2
不久	2
看見	2
早期	2
房子	2
之際	2
合法	2
女友	2
其餘	2
哪些	2
買到	2
藍芽	2
復甦	2
龐大	2
促銷	2
隨即	2
上下	2
定價	2
格式	2
球場	2
不必	2
發射	2
推荐	2
動能	2
率先	2
衝突	2
如同	2
降至	2
神經	2
十足	2
期望	2
錯過	2
——	2
輔導	2
管制	2
垃圾	2
融合	2
販售	2
流程	2
大師	2
領袖	2
僅有	2
輔助	2
總監	2
天然	2
特點	2
查看	2
吸收	2
身份	2
藥品	2
畫質	2
意願	2
加工	2
現身	2
勝利	2
手段	2
全體	2
背後	2
觀賞	2
物品	2
元件	2
拍賣	2
適當	2
等於	2
志願	2
電玩	2
其次	2
渦輪	2
街頭	2
否認	2
地產	2
先發	2
名字	2
在內	2
料理	2
數碼	2
展望	2
很少	2
苹果	2
四月	2
HK	2
板塊	2
PM	2
動畫	2
勞動	2
博士	2
場景	2
見到	2
某些	2
彈性	2
記憶	2
它們	2
3日	2
PS	2
投信	2
構成	2
剩下	2
平常	2
媽咪	2
成就	2
強勢	2
仔細	2
出版	2
拓展	2
信貸	2
進展	2
廣東	2
譯者	2
戰鬥	2
藍牙	2
熱烈	2
陽光	2
附加	2
大獎	2
到場	2
局長	2
禮物	2
筆記	2
男女	2
遭遇	2
違規	2
接到	2
出售	2
體制	2
95	2
攜帶	2
氣候	2
釋出	2
草案	2
重組	2
緬甸	2
同期	2
客人	2
國產	2
好幾	2
聯絡	2
當場	2
回憶	2
據悉	2
案例	2
疑似	2
收藏	2
群眾	2
未能	2
戰爭	2
允許	2
得知	2
活力	2
循環	2
加碼	2
部長	2
徹底	2
瞬間	2
強制	2
清晰	2
愛心	2
姓名	2
模組	2
單純	2
就醫	2
判決	2
展覽	2
興建	2
低點	2
少女	2
每天	2
力道	2
導入	2
上來	2
服裝	2
印尼	2
兄弟	2
大力	2
全文	2
財報	2
樣子	2
協定	2
天堂	2
最為	2
表明	2
飲料	2
究竟	2
簽訂	2
專線	2
利息	2
驚人	2
按鍵	2
表面	2
突出	2
機型	2
歌曲	2
歌手	2
走向	2
社群	2
進去	2
零售	2
法官	2
等等	2
早已	2
留意	2
防止	2
商店	2
上揚	2
出國	2
延長	2
產量	2
日子	2
好玩	2
買賣	2
惡化	2
考驗	2
性感	2
女士	2
改造	2
住房	2
中油	2
足以	2
滑鼠	2
線條	2
前來	2
流動	2
好用	2
財富	2
新款	2
回報	2
讀者	2
管道	2
理論	2
即便	2
訴求	2
同事	2
衹是	2
台商	2
假日	2
簡訊	2
國中	2
潛力	2
形勢	2
提昇	2
職務	2
市區	2
題材	2
XP	2
短暫	2
前後	2
長達	2
籃板	2
GT	2
力度	2
基層	2
優於	2
變更	2
以免	2
重建	2
執政	2
象徵	2
擴張	2
交換	2
小小	2
車子	2
XD	2
付費	2
救援	2
回歸	2
水果	2
他人	2
合格	2
出爐	2
監控	2
跡象	2
3D	2
檢舉	2
調控	2
能量	2
打出	2
光碟	2
圖像	2
ut	2
東方	2
列為	2
癌症	2
隨身	2
通膨	2
將近	2
非法	2
零件	2
英語	2
不妨	2
細胞	2
顯著	2
不變	2
得以	2
受惠	2
各自	2
居然	2
困擾	2
龍頭	2
部落	2
消失	2
銷量	2
貼心	2
到期	2
自殺	2
諮詢	2
福利	2
黨團	2
小幅	2
分數	2
申購	2
引導	2
傳真	2
世紀	2
證據	2
夏天	2
國有	2
探索	2
這邊	2
擊敗	2
打破	2
股利	2
傳奇	2
擔保	2
施工	2
首季	2
實質	2
降息	2
保守	2
外接	2
身心	2
認購	2
對應	2
暫停	2
預約	2
標示	2
美金	2
看出	2
照明	2
帶給	2
本土	2
門市	2
賣出	2
生意	2
百萬	2
技巧	2
透明	2
移民	2
恕刪	2
賺錢	2
卡通	2
門檻	2
花費	2
額度	2
接獲	2
心態	2
美好	2
實驗	2
經貿	2
檢方	2
金門	2
予以	2
運算	2
居住	2
下面	2
不利	2
出門	2
警告	2
後面	2
北部	2
緊縮	2
品種	2
減輕	2
子女	2
新品	2
巴黎	2
郵件	2
獎項	2
底盤	2
謹慎	2
逮捕	2
改版	2
節省	2
空調	2
畫素	2
六月	2
處分	2
浪費	2
南方	2
熱火	2
財產	2
懸吊	2
高端	2
負面	2
搭乘	2
北美	2
從而	2
發放	2
非洲	2
門票	2
英鎊	2
大漲	2
恐怖	2
蔬菜	2
原料	2
試點	2
優雅	2
放鬆	2
採訪	2
總計	2
物質	2
模擬	2
防護	2
平時	2
體重	2
錄影	2
拿來	2
散熱	2
屏東	2
西方	2
前面	2
部隊	2
罹患	2
難度	2
攀升	2
味道	2
成分	2
點評	2
用品	2
原先	2
心臟	2
災害	2
付出	2
深度	2
氛圍	2
實行	2
前提	2
路段	2
拿出	2
瘦肉	2
渠道	2
政黨	2
臨床	2
兌換	2
形容	2
終場	2
到來	2
公車	2
亮相	2
內存	2
作家	2
局面	2
音響	2
II	2
跌破	2
現任	2
旁邊	2
三月	2
宣導	2
公民	2
將來	2
網卡	2
OK	2
趕快	2
藍色	2
特地	2
共計	2
賠償	2
費率	2
瘋狂	2
暴力	2
戶外	2
第5	2
醫學	2
房間	2
同比	2
出去	2
放緩	2
幸運	2
監測	2
書記	2
毒品	2
場所	2
情勢	2
海嘯	2
優化	2
那樣	2
結算	2
工人	2
虛擬	2
轉移	2
聯賽	2
釋放	2
台大	2
處長	2
清潔	2
發票	2
門號	2
關聯	2
百貨	2
飾演	2
抱怨	2
身邊	2
南海	2
比起	2
色情	2
舒服	2
提示	2
發起	2
在地	2
有意	2
起訴	2
主導	2
營造	2
差別	2
難道	2
圖文	2
呼吸	2
評測	2
決心	2
主機	2
旺報	2
互相	2
進度	2
奇怪	2
好處	2
安心	2
希腊	2
試試	2
精采	2
光學	2
演講	2
宜蘭	2
公債	2
商城	2
原價	2
診斷	2
擴充	2
民族	2
描述	2
額外	2
特價	2
對抗	2
手法	2
森林	2
熱鬧	2
夫妻	2
評級	2
聽說	2
風暴	2
海域	2
劇情	2
衍生	2
陳菊	2
步驟	2
第六	2
鋼鐵	2
義務	2
參數	2
據點	2
低迷	2
化學	2
配套	2
進場	2
轉變	2
用途	2
降價	2
就職	2
開盤	2
萎縮	2
食用	2
IC	2
彰化	2
備份	2
還要	2
集體	2
新機	2
掛牌	2
美方	2
市值	2
內置	2
低價	2
硬盤	2
名為	2
密碼	2
身材	2
批准	2
切換	2
迎接	2
路徑	2
初期	2
生存	2
情色	2
留在	2
足球	2
宏觀	2
低調	2
介入	2
網購	2
新鮮	2
手工	2
台東	2
發動	2
不易	2
練習	2
個別	2
權力	2
興奮	2
攝像	2
懷孕	2
中獎	2
SD	2
隊友	2
超值	2
防守	2
贈送	2
好康	2
寵物	2
老婆	2
排放	2
失望	2
友人	2
少年	2
缺點	2
核准	2
條款	2
自從	2
親子	2
當選	2
有機	2
冒險	2
訴訟	2
融入	2
穿著	2
與會	2
美股	2
趕緊	2
直播	2
競選	2
難得	2
通話	2
示範	2
前進	2
護理	2
改款	2
遊行	2
昨晚	2
成效	2
層面	2
個案	2
盡量	2
果然	2
OS	2
家電	2
體現	2
假期	2
吃到	2
農場	2
生日	2
丈夫	2
談到	2
移轉	2
用心	2
那裡	2
咨詢	2
婚姻	2
內地	2
備受	2
上路	2
人工	2
有望	2
植物	2
個股	2
健保	2
倒是	2
詳情	2
住宿	2
市面	2
公升	2
作法	2
境外	2
勢必	2
肌肉	2
見面	2
先後	2
結論	2
文學	2
矚目	2
發言	2
年紀	2
作收	2
人文	2
天天	2
籃球	2
中部	2
樂團	2
喇叭	2
學術	2
契約	2
遺憾	2
主體	2
走出	2
感恩	2
折扣	2
二十	2
MP	2
經由	2
佳能	2
審核	2
流通	2
青睞	2
總數	2
按讚	2
應當	2
過後	2
助理	2
淨利	2
浙江	2
年初	2
上課	2
潮流	2
毫無	2
物流	2
嘉義	2
從來	2
自家	2
解除	2
偵辦	2
列入	2
審計	2
立體	2
種類	2
小學	2
指控	2
就讀	2
兼具	2
環節	2
承受	2
火箭	2
諸多	2
改為	2
私募	2
上限	2
贊助	2
改進	2
陳冲	2
大戰	2
選購	2
混合	2
增幅	2
縮小	2
卓越	2
夏季	2
援助	2
97	2
颱風	2
試圖	2
機子	2
選民	2
傳送	2
雙核	2
從小	2
女王	2
公會	2
何時	2
77	2
會談	2
停車	2
入學	2
疑問	2
發電	2
實踐	2
詐騙	2
含有	2
加以	2
捐贈	2
天線	2
旗艦	2
嫌犯	2
截止	2
挑選	2
無奈	2
相應	2
事宜	2
寬鬆	2
at	2
疫情	2
品味	2
歷經	2
運營	2
原有	2
睡眠	2
ST	2
保存	2
流量	2
進攻	2
景觀	2
短短	2
98	2
課稅	2
好看	2
痛苦	2
糾紛	2
增添	2
失業	2
嬰兒	2
對焦	2
稅收	2
得獎	2
移送	2
天使	2
季節	2
負債	2
添加	2
上映	2
大雨	2
總共	2
南京	2
刪除	2
瑞士	2
平安	2
發佈	2
名額	2
三十	2
當下	2
學會	2
稍微	2
完工	2
設有	2
亮眼	2
辦公	2
敏感	2
正義	2
量產	2
那邊	2
票房	2
控股	2
疼痛	2
抑制	2
民意	2
公眾	2
頒獎	2
會長	2
旅館	2
威寶	2
靈活	2
併購	2
民調	2
好奇	2
北市	2
戰績	2
極為	2
老公	2
每日	2
視野	2
委託	2
規划	2
高峰	2
涵蓋	2
玩具	2
困境	2
祝福	2
職場	2
桌面	2
會場	2
主因	2
道歉	2
優點	2
LG	2
覆蓋	2
隊員	2
禮拜	2
兼顧	2
舞蹈	2
傳播	2
態勢	2
注重	2
賣場	2
專題	2
登陸	2
過來	2
陣容	2
簽約	2
飛行	2
路口	2
後方	2
蛋糕	2
春節	2
自信	2
裕隆	2
思想	2
觀望	2
外部	2
代工	2
氣息	2
通用	2
首都	2
言論	2
頻率	2
村民	2
高鐵	2
店員	2
流入	2
澳門	2
型態	2
下游	2
海軍	2
不明	2
婚禮	2
關卡	2
買家	2
終端	2
信任	2
口味	2
采購	2
江蘇	2
上傳	2
時段	2
日後	2
新型	2
餐飲	2
外電	2
金價	2
實價	2
保費	2
甚麼	2
場地	2
治理	2
車禍	2
法案	2
72	2
陪同	2
從未	2
腳步	2
坦言	2
參選	2
還好	2
回復	2
下行	2
法定	2
進駐	2
開設	2
無疑	2
部署	2
代碼	2
手續	2
燃料	2
定義	2
封測	2
公頃	2
當作	2
發售	2
民宿	2
溫暖	2
周五	2
傳說	2
盡快	2
期盼	2
扣除	2
聰明	2
膠囊	2
價差	2
流暢	2
學童	2
課徵	2
暑假	2
助攻	2
溫泉	2
替代	2
民營	2
一向	2
寶貝	2
處罰	2
騎士	2
增壓	2
永續	2
66	2
真相	2
日益	2
飛彈	2
坦承	2
西部	2
強力	2
擴展	2
婦人	2
山區	2
提名	2
培育	2
腕錶	2
青春	2
種植	2
公安	2
規畫	2
搜索	2
款式	2
滬深	2
順暢	2
荷蘭	2
全程	2
穩健	2
傾向	2
榮獲	2
男友	2
豪雨	2
太太	2
失誤	2
矛盾	2
高檔	2
說話	2
提及	2
88	2
許可	2
社交	2
中方	2
乾淨	2
攤位	2
之上	2
向來	2
旺季	2
找出	2
好禮	2
專訪	2
試駕	2
思維	2
早盤	2
包包	2
革命	2
信號	2
几乎	2
引述	2
外面	2
電器	2
增資	2
血壓	2
中旬	2
馬達	2
氣勢	2
哈哈	2
歡樂	2
犧牲	2
2萬	2
賬戶	2
相片	2
到達	2
專電	2
高清	2
明白	2
週邊	2
生效	2
減碳	2
提交	2
上線	2
開會	2
食材	2
達人	2
外套	2
所屬	2
送到	2
提早	2
堪稱	2
租賃	2
隨機	2
隧道	2
人事	2
招商	2
血管	2
km	2
血液	2
火車	2
油耗	2
軍方	2
全數	2
男生	2
分點	2
此時	2
排隊	2
質詢	2
風情	2
周四	2
信托	2
絕不	2
步道	2
賽道	2
朝野	2
成都	2
反正	2
健全	2
平日	2
輕易	2
大跌	2
精心	2
週年	2
評審	2
華人	2
後座	2
執法	2
按鈕	2
盛大	2
基因	2
離婚	2
中美	2
預購	2
車迷	2
客場	2
攜手	2
持平	2
多雲	2
來臨	2
啟用	2
收取	2
航線	2
震撼	2
轎車	2
預料	2
服用	2
平穩	2
乘坐	2
宗教	2
為期	2
按摩	2
華麗	2
放心	2
理性	2
厲害	2
抽獎	2
人潮	2
午餐	2
在場	2
忘記	2
情報	2
依賴	2
連鎖	2
交給	2
十五	2
回去	2
房市	2
疫苗	2
均線	2
作戰	2
加權	2
消除	2
主打	2
專注	2
勢力	2
領取	2
背光	2
買入	2
杭州	2
製程	2
入圍	2
專區	2
音效	2
苗栗	2
點數	2
服飾	2
入口	2
高校	2
分行	2
憲法	2
不行	2
1萬	2
輕薄	2
致詞	2
碰到	2
購入	2
響應	2
修訂	2
商標	2
師生	2
好多	2
86	2
邏輯	2
長大	2
年代	2
刻意	2
訂定	2
清晨	2
底部	2
酷睿	2
山東	2
好評	2
傳媒	2
情人	2
帳戶	2
部會	2
調節	2
面向	2
股本	2
日元	2
寫真	2
收集	2
學員	2
例子	2
熱愛	2
被迫	2
紅利	2
登錄	2
稅率	2
63	2
用到	2
必然	2
誇張	2
情感	2
估值	2
體質	2
順便	2
新任	2
上演	2
澄清	2
同仁	2
報案	2
搶先	2
噗浪	2
動產	2
周一	2
列車	2
次數	2
見證	2
改成	2
美味	2
探討	2
過敏	2
著作	2
道具	2
出面	2
週末	2
平方	2
完畢	2
播出	2
進軍	2
花錢	2
寫下	2
租金	2
脂肪	2
活躍	2
標誌	2
is	2
高等	2
st	2
利空	2
今晚	2
61	2
凈值	2
驗證	2
第七	2
省電	2
適應	2
內心	2
71	2
補償	2
干擾	2
湖人	2
危害	2
送給	2
車體	2
損害	2
主演	2
東部	2
引領	2
周三	2
關切	2
kg	2
選出	2
指揮	2
辨識	2
風扇	2
新手	2
工商	2
週五	2
擺脫	2
面前	2
表態	2
今後	2
命運	2
風潮	2
層次	2
榮譽	2
清理	2
分紅	2
團結	2
歌迷	2
新人	2
當成	2
妹妹	2
試用	2
深化	2
送醫	2
教室	2
大使	2
爆炸	2
車站	2
傳承	2
心得	2
花園	2
參展	2
車頭	2
好轉	2
內需	2
酒駕	2
現今	2
頁面	2
限定	2
金牌	2
期末	2
在線	2
首選	2
多久	2
62	2
周二	2
出手	2
新股	2
機芯	2
腫瘤	2
餘額	2
防治	2
冷氣	2
刑事	2
前方	2
縮短	2
細膩	2
之內	2
遵守	2
水泥	2
數十	2
保健	2
一時	2
早餐	2
國債	2
背面	2
陣雨	2
有助	2
審理	2
92	2
獲取	2
潛在	2
原始	2
轉速	2
同業	2
公噸	2
掀起	2
履行	2
不需	2
華視	2
宣告	2
過於	2
夫婦	2
十八	2
轉為	2
刊登	2
一體	2
故障	2
大膽	2
徵收	2
看待	2
受理	2
要是	2
宣稱	2
過多	2
職棒	2
時光	2
高手	2
不便	2
代言	2
溫馨	2
不當	2
廣播	2
動感	2
陣營	2
受損	2
第6	2
修復	2
認知	2
醫藥	2
行列	2
國道	2
學歷	2
多達	2
這時	2
升高	2
96	2
硬件	2
尼康	2
厚度	2
精美	2
約定	2
機能	2
通道	2
住院	2
大人	2
避險	2
任職	2
認可	2
76	2
節奏	2
聯手	2
壟斷	2
有線	2
發達	2
前期	2
航班	2
前輩	2
變焦	2
報紙	2
標的	2
溫州	2
種子	2
注入	2
簽證	2
局勢	2
對比	2
講話	2
變形	2
戀愛	2
防水	2
走高	2
精準	2
主人	2
含量	2
性質	2
入門	2
麵包	2
誕生	2
電量	2
翻譯	2
施政	2
駕馭	2
貶值	2
惠普	2
禁區	2
踴躍	2
國立	2
VW	2
天津	2
開關	2
珍貴	2
一百	2
絕佳	2
南投	2
圖案	2
男孩	2
放寬	2
到處	2
高出	2
驚喜	2
精選	2
說到	2
合資	2
極速	2
待遇	2
口袋	2
單元	2
體會	2
原文	2
TV	2
任期	2
生長	2
儲備	2
周年	2
門口	2
中斷	2
大於	2
主軸	2
運轉	2
福特	2
隨便	2
特徵	2
周末	2
七月	2
照護	2
臺北	2
臉部	2
以內	2
頂尖	2
故意	2
緊密	2
敵人	2
增進	2
促使	2
淘汰	2
贈品	2
雙邊	2
獲獎	2
報表	2
商圈	2
收訊	2
再生	2
吃飯	2
夏日	2
天空	2
表情	2
好吃	2
戰場	2
法令	2
報酬	2
不幸	2
夜市	2
特質	2
企圖	2
傳遞	2
熱潮	2
迴響	2
78	2
67	2
偶像	2
查獲	2
緩解	2
動員	2
心靈	2
減緩	2
拖累	2
建置	2
道理	2
守護	2
護士	2
演唱	2
知情	2
拆除	2
利多	2
送修	2
手指	2
加盟	2
手動	2
or	2
性別	2
有力	2
新疆	2
夢幻	2
佳績	2
走到	2
取自	2
出場	2
關機	2
重返	2
到位	2
重挫	2
交往	2
消防	2
營銷	2
招牌	2
訂購	2
秘密	2
高價	2
超市	2
外籍	2
奢華	2
上場	2
伙伴	2
重申	2
漸漸	2
雙重	2
一貫	2
爭奪	2
頭髮	2
被告	2
典型	2
外殼	2
上任	2
抱歉	2
給付	2
總量	2
煤炭	2
上週	2
大批	2
演習	2
風景	2
伴隨	2
上去	2
目光	2
長片	2
懂得	2
後者	2
均衡	2
xx	2
密集	2
忽略	2
邊緣	2
攝取	2
平臺	2
人性	2
女神	2
日系	2
帶回	2
陸客	2
出台	2
雷射	2
搶救	2
紓困	2
極限	2
換成	2
局部	2
選用	2
彷彿	2
體積	2
優良	2
付款	2
登上	2
消耗	2
一生	2
大方	2
發文	2
遭受	2
薪水	2
移除	2
棒球	2
聚集	2
罕見	2
明明	2
社團	2
隱藏	2
保有	2
接收	2
版主	2
主板	2
害怕	2
詮釋	2
封閉	2
電費	2
頒發	2
種種	2
店面	2
儘速	2
68	2
周圍	2
人選	2
3G	2
請求	2
崛起	2
壽命	2
參訪	2
連任	2
克服	2
自有	2
評等	2
道德	2
應付	2
供給	2
3萬	2
神秘	2
屬性	2
深受	2
風味	2
無力	2
分子	2
照相	2
影展	2
東區	2
豪宅	2
一再	2
不是	2
纖維	2
震蕩	2
性格	2
著手	2
議會	2
神奇	2
口感	2
點選	2
大致	2
夫人	2
場面	2
82	2
看似	2
電壓	2
加分	2
保單	2
提問	2
平面	2
創立	2
記載	2
代價	2
內閣	2
多樣	2
報警	2
舉例	2
買進	2
慈善	2
轉讓	2
前夕	2
通通	2
裝飾	2
缺口	2
損益	2
亮點	2
划算	2
超商	2
建商	2
講座	2
公主	2
多半	2
解讀	2
孩童	2
外出	2
重心	2
不及	2
海關	2
演說	2
走進	2
競技	2
相似	2
夜間	2
問到	2
地面	2
鑽石	2
進化	2
按下	2
金錢	2
豬肉	2
佈局	2
宏碁	2
子宮	2
白天	2
借款	2
監獄	2
皇家	2
大哥	2
開賣	2
睡覺	2
充足	2
雙手	2
撞擊	2
高溫	2
美容	2
圍繞	2
外銷	2
試驗	2
校方	2
頻繁	2
無關	2
解說	2
考察	2
產值	2
器官	2
換上	2
盎司	2
環球	2
鄰近	2
和諧	2
移植	2
最早	2
農藥	2
量化	2
肉品	2
年期	2
大聲	2
繳納	2
既有	2
陪伴	2
師傅	2
器材	2
看完	2
學位	2
爆料	2
專項	2
噪音	2
緩慢	2
十一	2
先行	2
類別	2
降到	2
小編	2
單獨	2
大宗	2
條文	2
災情	2
申辦	2
套裝	2
名人	2
多重	2
鄉親	2
底下	2
朝鮮	2
終止	2
适合	2
眾人	2
慢性	2
超出	2
組裝	2
奪冠	2
不停	2
後市	2
停留	2
弟弟	2
出賽	2
塑膠	2
客運	2
傷口	2
走低	2
贊成	2
靈感	2
愛好	2
91	2
聖誕	2
旅程	2
四川	2
壓縮	2
插槽	2
偵測	2
濃厚	2
在意	2
證書	2
連帶	2
回顧	2
路面	2
感冒	2
玉米	2
港元	2
共享	2
傳聞	2
分離	2
美分	2
地下	2
事先	2
市委	2
救助	2
大增	2
洽詢	2
上游	2
雙漲	2
提振	2
巴士	2
幼兒	2
版權	2
賦予	2
首爾	2
號召	2
那時	2
五十	2
保濕	2
陳姓	2
上訴	2
基隆	2
帶有	2
溫和	2
名義	2
用餐	2
愛車	2
從此	2
下旬	2
頻頻	2
精華	2
開箱	2
普及	2
市價	2
熱心	2
往來	2
峰會	2
秉持	2
秩序	2
號稱	2
通信	2
談話	2
城鎮	2
79	2
戲劇	2
獲悉	2
破產	2
匯價	2
表揚	2
赤字	2
建構	2
一舉	2
無數	2
簡介	2
報考	2
可謂	2
實習	2
消化	2
靠近	2
凸顯	2
繪圖	2
僅僅	2
5萬	2
偉大	2
投訴	2
位在	2
起步	2
簽名	2
脫離	2
人人	2
大門	2
牙齒	2
雅虎	2
審批	2
度過	2
澎湖	2
第7	2
海岸	2
糧食	2
功率	2
儀器	2
意味	2
微笑	2
代號	2
殷仔	2
頭部	2
辭職	2
撥打	2
油門	2
黃色	2
現狀	2
阿嬤	2
流失	2
情節	2
集合	2
堅定	2
93	2
有待	2
對戰	2
追加	2
當代	2
戴爾	2
73	2
解答	2
送出	2
派出	2
基準	2
副本	2
釐清	2
毫米	2
疲弱	2
亮度	2
週一	2
客觀	2
功夫	2
開拓	2
途徑	2
前天	2
隊長	2
機票	2
依靠	2
美學	2
加持	2
PO	2
下挫	2
淹水	2
得主	2
推行	2
進程	2
所幸	2
辣妹	2
裡頭	2
空中	2
69	2
界面	2
速箱	2
建仔	2
人心	2
素質	2
鄉鎮	2
書面	2
台塑	2
櫻花	2
多方	2
留學	2
章程	2
偶爾	2
行李	2
自製	2
通脹	2
住戶	2
嘉賓	2
死者	2
車室	2
氣質	2
拿去	2
叫做	2
漁船	2
公寓	2
變速	2
自排	2
牛奶	2
武漢	2
不容	2
報到	2
對決	2
捐款	2
下車	2
晉級	2
迷人	2
罪嫌	2
石化	2
鄰居	2
風光	2
傑出	2
美景	2
碼頭	2
人群	2
身高	2
女星	2
周期	2
傍晚	2
分布	2
逆轉	2
房貸	2
眼前	2
碩士	2
間接	2
一共	2
受益	2
湖南	2
南非	2
超高	2
中醫	2
預告	2
養成	2
手感	2
雷霆	2
國軍	2
燃油	2
應有	2
派對	2
皮革	2
用電	2
地理	2
拷貝	2
重複	2
瑞典	2
學費	2
高效	2
借貸	2
清除	2
方位	2
得分	2
春天	2
投保	2
老化	2
物資	2
廈門	2
相反	2
強悍	2
陳述	2
保育	2
發明	2
二月	2
分散	2
迷你	2
珠寶	2
中期	2
平等	2
春季	2
平價	2
產權	2
安置	2
宣示	2
率領	2
加劇	2
病例	2
車道	2
黨員	2
序號	2
附件	2
寬頻	2
不適	2
蛋白	2
入選	2
微風	2
法庭	2
進來	2
呵呵	2
聯邦	2
鞋子	2
水庫	2
散佈	2
套餐	2
路況	2
樂園	2
診所	2
家具	2
芯片	2
化解	2
趨緩	2
進出	2
相繼	2
簡直	2
阻止	2
阻力	2
炒作	2
甜蜜	2
IP	2
處置	2
抓住	2
SH	2
強度	2
站上	2
模型	2
出身	2
寬松	2
94	2
總結	2
趣味	2
渴望	2
快門	2
81	2
右側	2
對待	2
場合	2
推升	2
發燒	2
精密	2
擊出	2
ml	2
流感	2
防範	2
占據	2
歷年	2
此前	2
邁向	2
長度	2
沖擊	2
on	2
十多	2
a片	2
熱點	2
氣囊	2
東芝	2
cm	2
祭出	2
主頻	2
救災	2
模糊	2
侵犯	2
買氣	2
評選	2
計時	2
彌補	2
巡迴	2
保送	2
彩色	2
所長	2
純益	2
迎來	2
難免	2
VS	2
立院	2
越野	2
多多	2
加州	2
正妹	2
曉得	2
日產	2
卡卡	2
奶粉	2
愉快	2
以便	2
細緻	2
報訊	2
無效	2
年增	2
涉案	2
富豪	2
商場	2
門診	2
研判	2
劇場	2
待機	2
亮麗	2
幹部	2
耐心	2
活潑	2
下班	2
調高	2
前年	2
招募	2
刷卡	2
執照	2
常務	2
面試	2
哥哥	2
邁入	2
金鶯	2
親友	2
應對	2
棄權	2
加重	2
農會	2
首長	2
稀土	2
妳們	2
牌子	2
左側	2
車尾	2
延遲	2
友達	2
票選	2
發炎	2
廚房	2
傳達	2
卡片	2
體力	2
不宜	2
干部	2
提起	2
期許	2
投顧	2
唱片	2
外表	2
熱血	2
激動	2
數學	2
光圈	2
制裁	2
鋼琴	2
白銀	2
量能	2
文明	2
功效	2
市立	2
往年	2
上台	2
中東	2
城鄉	2
樓市	2
古典	2
林姓	2
盡情	2
終身	2
軌道	2
尷尬	2
手冊	2
勇敢	2
利好	2
國防	2
熱量	2
海報	2
媽祖	2
第8	2
火力	2
同級	2
九月	2
導覽	2
框架	2
導向	2
精靈	2
假設	2
摘要	2
學科	2
混亂	2
字樣	2
適時	2
當機	2
關稅	2
一流	2
大關	2
搖滾	2
撤離	2
勇氣	2
太過	2
工會	2
感應	2
膨脹	2
批發	2
評鑑	2
務必	2
漲跌	2
視窗	2
放置	2
出任	2
9時	2
誠意	2
挹注	2
適度	2
追查	2
穿上	2
上年	2
造訪	2
打工	2
台鐵	2
藝文	2
奈米	2
鏡面	2
讀書	2
交付	2
小車	2
伊莉	2
急救	2
福建	2
親身	2
靈魂	2
空軍	2
接待	2
標題	2
擅長	2
特有	2
菁英	2
魔術	2
選票	2
病情	2
隨之	2
假如	2
轉載	2
鈴聲	2
特效	2
氣溫	2
治安	2
聲稱	2
高管	2
盤面	2
美白	2
讀取	2
東北	2
不時	2
聽取	2
特區	2
旋轉	2
第八	2
外科	2
嶄新	2
疲軟	2
本質	2
書籍	2
母乳	2
放入	2
貨車	2
廁所	2
厂商	2
美軍	2
射擊	2
跑到	2
孕婦	2
下台	2
雲林	2
續約	2
CD	2
一月	2
RS	2
稍早	2
大隊	2
乾脆	2
買下	2
難題	2
低碳	2
接連	2
示威	2
對岸	2
清單	2
中風	2
音量	2
形態	2
進球	2
武裝	2
合金	2
ok	2
增減	2
中毒	2
水位	2
合成	2
網際	2
復雜	2
之餘	2
繽紛	2
重回	2
錄音	2
一一	2
問世	2
繁榮	2
為什	2
漲停	2
泡沫	2
比照	2
年報	2
製成	2
施行	2
股指	2
權證	2
稽查	2
物料	2
手錶	2
重啟	2
解放	2
開工	2
八月	2
單價	2
買盤	2
游泳	2
時程	2
逐年	2
下修	2
變遷	2
一萬	2
暗示	2
檢出	2
職工	2
回購	2
手持	2
錶款	2
模樣	2
圖說	2
好手	2
桐花	2
晚餐	2
拉開	2
玫瑰	2
水晶	2
喜好	2
超大	2
中學	2
煩惱	2
猜測	2
縮減	2
功課	2
考核	2
軍人	2
出遊	2
家園	2
從中	2
惡意	2
首要	2
驕傲	2
壽險	2
建造	2
QQ	2
削減	2
退市	2
難怪	2
遠遠	2
過往	2
學子	2
流出	2
座位	2
最初	2
題目	2
清新	2
順序	2
國教	2
外勞	2
篩檢	2
心力	2
路人	2
次長	2
扭轉	2
不安	2
分成	2
首位	2
深夜	2
時速	2
通貨	2
均價	2
JB	2
貨物	2
極致	2
聚焦	2
落差	2
出血	2
肚子	2
違約	2
票價	2
曲線	2
關節	2
嘟嘟	2
顯現	2
漁民	2
崗位	2
美聯	2
新年	2
轉寄	2
識別	2
燃燒	2
判處	2
露出	2
74	2
預設	2
殺人	2
此後	2
鮮明	2
販賣	2
新生	2
84	2
恐慌	2
調研	2
簡報	2
一手	2
簡易	2
政權	2
名列	2
83	2
貴賓	2
飼料	2
肥胖	2
十六	2
實地	2
音質	2
過關	2
合適	2
繁體	2
贖回	2
準確	2
趕到	2
拜訪	2
蒐集	2
三振	2
冬天	2
編譯	2
監事	2
失蹤	2
MV	2
啤酒	2
場次	2
單月	2
傳言	2
職位	2
戰士	2
驚訝	2
冰箱	2
細菌	2
右邊	2
相處	2
軍隊	2
逼近	2
埃及	2
微調	2
出資	2
憑證	2
榮耀	2
鏡片	2
索取	2
敬請	2
晶圓	2
唯有	2
就此	2
殘留	2
開創	2
雙雙	2
憂心	2
獲勝	2
週六	2
玩法	2
落在	2
輕巧	2
淨值	2
度假	2
走上	2
大道	2
跨國	2
公正	2
省油	2
複製	2
肇事	2
偏好	2
虛假	2
運氣	2
據說	2
新作	2
不法	2
出具	2
發酵	2
降幅	2
性侵	2
純粹	2
文物	2
公克	2
劇本	2
橡膠	2
召集	2
買來	2
跨越	2
罰款	2
配色	2
鞏固	2
舊版	2
地上	2
妥善	2
群體	2
發光	2
貼近	2
魔法	2
瑕疵	2
入場	2
滿滿	2
夏普	2
GM	2
有如	2
首發	2
差點	2
分期	2
不已	2
四十	2
復出	2
組件	2
為由	2
影視	2
奪得	2
尺碼	2
開通	2
眼光	2
封面	2
迎戰	2
簡化	2
出動	2
巨頭	2
發送	2
內外	2
和解	2
穿越	2
步伐	2
銀色	2
首創	2
3成	2
背包	2
宿舍	2
接任	2
信箱	2
輻射	2
輿論	2
一樓	2
單眼	2
加裝	2
說出	2
減肥	2
進氣	2
擁抱	2
堅強	2
口號	2
動漫	2
更改	2
攻勢	2
隨意	2
上證	2
寶座	2
河南	2
數百	2
訪者	2
廠牌	2
時空	2
查閱	2
連連	2
快感	2
測驗	2
量身	2
黑暗	2
不等	2
隔天	2
商用	2
SE	2
分級	2
幸好	2
忽視	2
小吃	2
燈光	2
車種	2
離職	2
蔬果	2
廣角	2
審慎	2
護照	2
意圖	2
配方	2
笑容	2
團員	2
高漲	2
明膠	2
揭露	2
攻下	2
招標	2
戰術	2
老板	2
養生	2
配發	2
文創	2
配上	2
秋冬	2
契機	2
太空	2
道瓊	2
二級	2
增值	2
浮動	2
賣家	2
高齡	2
籌備	2
春夏	2
可怕	2
十三	2
秘書	2
格外	2
角落	2
求助	2
警示	2
拉回	2
遠離	2
圓滿	2
十月	2
求職	2
電網	2
來回	2
襲擊	2
好事	2
會期	2
不符	2
建成	2
引入	2
親切	2
受害	2
物理	2
怪物	2
街道	2
引爆	2
圖形	2
目錄	2
填寫	2
分手	2
敘明	2
悲觀	2
生氣	2
生技	2
查出	2
誠信	2
倒數	2
農曆	2
款項	2
呼應	2
位居	2
同行	2
下手	2
準則	2
掌控	2
古蹟	2
走路	2
事物	2
陌生	2
里長	2
奇蹟	2
滋味	2
恐懼	2
快捷	2
後衛	2
電郵	2
總值	2
增持	2
礦業	2
排列	2
難過	2
徒刑	2
賣壓	2
光線	2
一併	2
通車	2
原創	2
彩虹	2
正好	2
頭痛	2
鑑定	2
薪酬	2
上調	2
終結	2
維權	2
柏林	2
晚會	2
美式	2
過年	2
找來	2
堅決	2
捍衛	2
左邊	2
標配	2
自稱	2
締造	2
著重	2
論文	2
教導	2
房產	2
首相	2
評比	2
大廈	2
網民	2
變數	2
股數	2
微型	2
改編	2
微星	2
記住	2
受限	2
反覆	2
品嚐	2
彩繪	2
封裝	2
省下	2
不禁	2
輕微	2
高位	2
核定	2
魔獸	2
喪失	2
注射	2
多單	2
承辦	2
長久	2
領土	2
把關	2
升溫	2
網球	2
漲勢	2
撤銷	2
東協	2
家用	2
徵求	2
團購	2
盤勢	2
預案	2
神話	2
交叉	2
稱讚	2
惡性	2
後果	2
買超	2
精實	2
縮水	2
要素	2
巨星	2
雞蛋	2
文書	2
現況	2
嚴峻	2
減持	2
打到	2
帽子	2
彭博	2
選拔	2
姿勢	2
內衣	2
首日	2
襯衫	2
炸彈	2
總會	2
經紀	2
信仰	2
反觀	2
裁員	2
提議	2
升息	2
乳癌	2
珍惜	2
騰訊	2
邁進	2
委托	2
做成	2
匯豐	2
憂慮	2
關掉	2
證件	2
奉獻	2
規律	2
遺漏	2
購車	2
抓到	2
恭喜	2
病房	2
接下	2
延後	2
何況	2
板橋	2
起飛	2
拜託	2
軸距	2
獎品	2
GP	2
hi	2
內含	2
湖北	2
1億	2
缺席	2
實務	2
DC	2
寶貴	2
帶走	2
威力	2
籌碼	2
腐敗	2
選單	2
公關	2
院校	2
排氣	2
冬季	2
IS	2
89	2
背書	2
殊榮	2
荷包	2
洋基	2
有名	2
毫不	2
比對	2
病變	2
災難	2
光電	2
搶眼	2
存儲	2
放到	2
光芒	2
入住	2
可靠	2
女童	2
二手	2
集成	2
復古	2
客車	2
車門	2
回溫	2
韌體	2
買回	2
私下	2
華夏	2
聆聽	2
超頻	2
講述	2
長輩	2
谷歌	2
住家	2
書店	2
破解	2
權威	2
促成	2
研議	2
免疫	2
情侶	2
台美	2
減重	2
馬刺	2
上月	2
長遠	2
指紋	2
陸資	2
指令	2
球季	2
課題	2
效力	2
揭開	2
各樣	2
景區	2
估算	2
海峽	2
4S	2
忙碌	2
視力	2
油脂	2
自拍	2
復健	2
胸部	2
深深	2
外貿	2
大廳	2
未必	2
切實	2
精確	2
直言	2
一律	2
蔓延	2
賓士	2
分局	2
樂多	2
骨折	2
聚會	2
拜會	2
雇主	2
派遣	2
鋁圈	2
簡約	2
技嘉	2
走訪	2
儘快	2
超人	2
思路	2
艱難	2
任意	2
判定	2
王子	2
走過	2
從業	2
印刷	2
造就	2
情境	2
債市	2
前者	2
遺產	2
貫徹	2
存取	2
商人	2
衡量	2
分泌	2
放下	2
外線	2
後期	2
窗口	2
劇烈	2
風貌	2
政務	2
綠能	2
新建	2
口碑	2
不慎	2
淡水	2
幽默	2
第9	2
掃描	2
往後	2
信義	2
偵查	2
清洗	2
內涵	2
QE	2
舉措	2
區別	2
模仿	2
一年	2
落幕	2
登山	2
側面	2
官兵	2
沿海	2
詢價	2
實業	2
饗宴	2
燦坤	2
耗電	2
無需	2
接單	2
缺少	2
頗為	2
勝出	2
家鄉	2
毛利	2
密度	2
退貨	2
入侵	2
空單	2
87	2
一日	2
憤怒	2
會面	2
償還	2
享用	2
貼紙	2
戰機	2
感激	2
黑白	2
隆重	2
墾丁	2
乳房	2
出局	2
限時	2
命令	2
降雨	2
翻攝	2
行人	2
超標	2
走強	2
屆滿	2
罰鍰	2
位數	2
明朗	2
德州	2
生育	2
市售	2
展場	2
取締	2
藍光	2
避開	2
境界	2
美感	2
發作	2
便是	2
戒菸	2
十四	2
鑰匙	2
入境	2
彰顯	2
天后	2
介於	2
到案	2
扶持	2
後悔	2
國營	2
惡劣	2
爬文	2
退場	2
跟隨	2
供電	2
想想	2
演奏	2
港口	2
大戶	2
珍珠	2
電梯	2
糟糕	2
西藏	2
電流	2
災區	2
十幾	2
日記	2
橘子	2
開口	2
在乎	2
澳元	2
友好	2
訪談	2
用車	2
週四	2
新莊	2
相容	2
雙向	2
歷程	2
京東	2
裁判	2
為之	2
建材	2
尾盤	2
積水	2
青島	2
改良	2
沉重	2
常委	2
集結	2
亞股	2
淨損	2
繼承	2
化工	2
天數	2
午後	2
分歧	2
變革	2
回補	2
閒置	2
桌機	2
固態	2
茶葉	2
國土	2
沙灘	2
市政	2
猶豫	2
重現	2
行使	2
多點	2
基准	2
敲出	2
終極	2
高額	2
帳單	2
淡季	2
波蘭	2
生理	2
打敗	2
信賴	2
流傳	2
時常	2
送往	2
防曬	2
不實	2
說道	2
職責	2
分割	2
甜美	2
角逐	2
有無	2
線路	2
必備	2
犯規	2
香蕉	2
永久	2
激情	2
中型	2
務實	2
帥氣	2
動手	2
8時	2
美術	2
頭燈	2
高低	2
週三	2
測量	2
真皮	2
焦慮	2
一早	2
環繞	2
動脈	2
ID	2
水質	2
失控	2
對策	2
配售	2
小鎮	2
回檔	2
裁定	2
阻礙	2
功耗	2
典範	2
分開	2
偏遠	2
爵士	2
熊貓	2
編列	2
寬敞	2
獨享	2
高盛	2
侵權	2
上手	2
輕輕	2
PE	2
五一	2
預警	2
大豆	2
隨手	2
聲浪	2
傷亡	2
養老	2
韓元	2
限於	2
反擊	2
製品	2
開辦	2
萬一	2
地形	2
姿態	2
接手	2
因子	2
開支	2
氣象	2
濃度	2
產地	2
陶瓷	2
仍舊	2
國企	2
命名	2
垂直	2
遊玩	2
豐田	2
資助	2
公約	2
高潮	2
頻寬	2
逆勢	2
名模	2
奠定	2
三成	2
打球	2
盤整	2
傳動	2
外形	2
事發	2
2成	2
指引	2
宛如	2
激發	2
車架	2
除此	2
增至	2
4G	2
引來	2
問卷	2
標普	2
指期	2
結局	2
獨自	2
褲子	2
米蘭	2
手排	2
上學	2
熱線	2
答應	2
天候	2
裝潢	2
購屋	2
動機	2
過世	2
星光	2
執導	2
上百	2
名牌	2
警局	2
絲毫	2
防災	2
願景	2
奇幻	2
動盪	2
十七	2
合照	2
富有	2
星級	2
演繹	2
股息	2
貴州	2
紡織	2
組長	2
動人	2
上山	2
改用	2
清爽	2
教堂	2
嚴厲	2
原理	2
認列	2
百姓	2
兼任	2
減弱	2
教訓	2
通行	2
指稱	2
倉庫	2
南下	2
愛上	2
副總	2
使命	2
債權	2
齊全	2
嚴肅	2
丹麥	2
官司	2
馬路	2
一口	2
社長	2
外圍	2
撰寫	2
干預	2
拍到	2
出自	2
螺絲	2
匯市	2
點心	2
大國	2
辯論	2
車壇	2
地標	2
加深	2
基點	2
一千	2
不定	2
犯案	2
領軍	2
聞名	2
巧妙	2
盛會	2
亞軍	2
公牛	2
科目	2
收錄	2
切入	2
電路	2
現年	2
早日	2
功力	2
打壓	2
大舉	2
轄區	2
搞笑	2
地主	2
親密	2
派員	2
最少	2
老鼠	2
輸給	2
鞋款	2
日報	2
肢體	2
代謝	2
隱形	2
遲遲	2
正當	2
幻想	2
沿著	2
傷勢	2
暢銷	2
內幕	2
震動	2
歹徒	2
便捷	2
份子	2
急性	2
地板	2
拯救	2
余額	2
異議	2
較少	2
蘇州	2
案子	2
日式	2
想起	2
球星	2
夜晚	2
西裝	2
單品	2
被動	2
善用	2
自在	2
出道	2
防禦	2
空頭	2
成品	2
成年	2
清算	2
編制	2
調升	2
島嶼	2
下雨	2
面貌	2
念頭	2
吸菸	2
凝聚	2
姊妹	2
收視	2
用力	2
考場	2
種族	2
高通	2
署長	2
打者	2
老舊	2
唱歌	2
碰撞	2
上門	2
遇上	2
安靜	2
跑去	2
恐嚇	2
收回	2
撞上	2
陳情	2
找回	2
整治	2
山西	2
開刀	2
隱私	2
偏低	2
廠房	2
複合	2
腎臟	2
總價	2
超跑	2
繳費	2
底座	2
回合	2
粉紅	2
手寫	2
附上	2
顯存	2
背部	2
地質	2
民俗	2
重整	2
身影	2
當晚	2
散發	2
免試	2
遵循	2
暗黑	2
獨顯	2
轉播	2
開場	2
出租	2
精英	2
江湖	2
舉動	2
機遇	2
交由	2
議事	2
放款	2
無可	2
分區	2
風波	2
例外	2
男童	2
第九	2
資費	2
帶到	2
劇院	2
前座	2
信評	2
若干	2
几年	2
明日	2
復興	2
套房	2
儘量	2
指責	2
石頭	2
陰影	2
邀集	2
說服	2
階層	2
撙節	2
科長	2
應變	2
水箱	2
娃娃	2
生病	2
酒精	2
小額	2
車廂	2
無聊	2
貧困	2
猶如	2
張數	2
賣給	2
開跑	2
劇團	2
海鮮	2
白宮	2
進階	2
建國	2
省錢	2
明亮	2
年式	2
PK	2
前述	2
推銷	2
對面	2
廣達	2
老實	2
演練	2
土石	2
捕捉	2
電商	2
乾燥	2
交代	2
禮券	2
重重	2
十萬	2
7時	2
前衛	2
包覆	2
色調	2
入主	2
單季	2
療法	2
恆大	2
王家	2
回頭	2
冷靜	2
強迫	2
代替	2
動用	2
周刊	2
醫護	2
卡器	2
車市	2
洽談	2
譴責	2
廣受	2
車頂	2
松山	2
推特	2
序幕	2
當今	2
口腔	2
監視	2
座談	2
勉強	2
死刑	2
成份	2
顛覆	2
金色	2
准確	2
破裂	2
專欄	2
難忘	2
專科	2
趁著	2
沿途	2
配偶	2
散戶	2
紫色	2
申訴	2
西安	2
騎車	2
抗爭	2
興起	2
彩妝	2
河北	2
起跑	2
願望	2
公立	2
搞定	2
感光	2
北大	2
連署	2
偽造	2
比分	2
調校	2
追究	2
上衣	2
水利	2
市集	2
韋德	2
極度	2
哲學	2
開獎	2
痕跡	2
心動	2
推估	2
專心	2
樣本	2
一線	2
打入	2
運送	2
6時	2
定時	2
週刊	2
不料	2
替補	2
槓桿	2
養殖	2
數值	2
運費	2
往返	2
請辭	2
諸如	2
活塞	2
倘若	2
選配	2
無比	2
殺手	2
途中	2
四處	2
耐用	2
侵害	2
闖關	2
彎道	2
雷雨	2
處在	2
低位	2
符號	2
拿起	2
單身	2
稱號	2
投產	2
人間	2
定額	2
無意	2
地鐵	2
不堪	2
選定	2
水分	2
降溫	2
新北	2
神祕	2
力挺	2
提告	2
聯電	2
爭霸	2
用地	2
鄉村	2
專櫃	2
反倒	2
切除	2
昂貴	2
動向	2
不知	2
寶石	2
佈景	2
擴散	2
性愛	2
歧視	2
班機	2
奪下	2
蝴蝶	2
車速	2
超強	2
悲劇	2
推測	2
婆婆	2
損壞	2
前鋒	2
首輪	2
預訂	2
開打	2
可否	2
打氣	2
誤差	2
級別	2
體能	2
接頭	2
正版	2
線上	2
月線	2
週二	2
簡潔	2
創建	2
脆弱	2
內在	2
誤會	2
大腦	2
接種	2
查證	2
搶購	2
處處	2
查緝	2
加值	2
My	2
終點	2
羅馬	2
線索	2
駕車	2
定案	2
審判	2
一成	2
私密	2
住處	2
主治	2
眼神	2
剛才	2
講究	2
六四	2
絕大	2
生動	2
對峙	2
掌聲	2
超低	2
核子	2
灰色	2
烤漆	2
計價	2
湧入	2
綠營	2
日文	2
台長	2
上櫃	2
專長	2
增多	2
AP	2
爸媽	2
1.	2
打完	2
歲月	2
健身	2
便當	2
核電	2
港幣	2
招聘	2
積累	2
常用	2
長城	2
劇組	2
出境	2
優美	2
充實	2
血糖	2
繪畫	2
階梯	2
連勝	2
國安	2
阻擋	2
集會	2
戰力	2
FB	2
公職	2
峰值	2
附有	2
周日	2
二樓	2
疲勞	2
休假	2
消毒	2
送上	2
衛視	2
保全	2
俗稱	2
po	2
投機	2
AC	2
紅襪	2
患有	2
吞下	2
復原	2
暴露	2
揭曉	2
喜悅	2
稀釋	2
小麥	2
腹部	2
振興	2
解析	2
東莞	2
有價	2
2億	2
社保	2
導彈	2
精湛	2
國王	2
週日	2
防疫	2
默默	2
變身	2
校友	2
依序	2
上架	2
中介	2
帝國	2
盡管	2
討厭	2
香氣	2
普爾	2
調閱	2
上季	2
嚴謹	2
極端	2
公務	2
台聯	2
盡力	2
供貨	2
勇士	2
戶籍	2
獨有	2
走揚	2
錶殼	2
三重	2
壘打	2
創辦	2
改選	2
大地	2
好不	2
國籍	2
財長	2
統籌	2
輝煌	2
草莓	2
芒果	2
召回	2
樂活	2
流向	2
港股	2
配有	2
新店	2
負荷	2
時下	2
5時	2
合影	2
宇宙	2
研擬	2
重灌	2
預先	2
跟蹤	2
人身	2
母奶	2
停產	2
精力	2
行經	2
聘請	2
半數	2
熱銷	2
標章	2
台語	2
路邊	2
填報	2
氣喘	2
手臂	2
波段	2
圖書	2
金控	2
主播	2
非凡	2
業主	2
接上	2
漏洞	2
天生	2
突顯	2
傾斜	2
增設	2
花卉	2
聲請	2
警員	2
機殼	2
存放	2
光源	2
昔日	2
豆腐	2
中藥	2
老虎	2
士兵	2
例行	2
源頭	2
換算	2
有心	2
延誤	2
追逐	2
上陣	2
確立	2
鼻子	2
大同	2
氣體	2
缺失	2
無名	2
主營	2
出廠	2
不一	2
ps	2
剛性	2
外來	2
銀幕	2
形狀	2
扭曲	2
海南	2
煙火	2
攸關	2
可行	2
俐落	2
滑落	2
有用	2
禮盒	2
周六	2
貼上	2
停牌	2
景象	2
軌跡	2
棉花	2
區分	2
拍下	2
經銷	2
驚豔	2
起點	2
懷念	2
心聲	2
飾板	2
位元	2
骨質	2
些許	2
繳出	2
玩樂	2
歡慶	2
繳稅	2
以致	2
挖掘	2
指教	2
開業	2
奇摩	2
其後	2
特赦	2
身價	2
祈福	2
可期	2
屋頂	2
漁業	2
老大	2
物業	2
譬如	2
一季	2
大展	2
民怨	2
舒緩	2
船舶	2
證照	2
洪爺	2
改寫	2
空力	2
戀情	2
海水	2
面膜	2
廣西	2
洋裝	2
可觀	2
教會	2
老年	2
隨地	2
黃姓	2
出入	2
藥業	2
轉彎	2
換檔	2
心跳	2
電容	2
周遭	2
觸及	2
華航	2
排行	2
附屬	2
金磚	2
級距	2
遠端	2
居多	2
大腿	2
視線	2
鹿港	2
夜店	2
主廚	2
六十	2
李姓	2
衣物	2
細心	2
查核	2
平盤	2
職能	2
復蘇	2
触控	2
傳染	2
學到	2
逃逸	2
pc	2
法辦	2
請來	2
AM	2
瓶頸	2
轉到	2
偏向	2
耳朵	2
沖突	2
民事	2
必定	2
海拔	2
高壓	2
標售	2
下單	2
中鋼	2
小巧	2
剩餘	2
魔鬼	2
GO	2
客廳	2
風氣	2
麻將	2
起床	2
私立	2
步入	2
控管	2
上帝	2
視察	2
美觀	2
解禁	2
一度	2
受困	2
快遞	2
企劃	2
匯款	2
拉動	2
平靜	2
姐姐	2
設法	2
央視	2
產出	2
出戰	2
電機	2
總算	2
鋒面	2
壓制	2
統治	2
日漸	2
情事	2
機密	2
收報	2
投球	2
膝蓋	2
片段	2
接軌	2
右手	2
抽出	2
默契	2
齊聚	2
營利	2
步行	2
測速	2
XT	2
字體	2
求救	2
錶帶	2
星座	2
開徵	2
勇於	2
選戰	2
保密	2
祕密	2
構想	2
再者	2
裝上	2
驚艷	2
嚴苛	2
里程	2
繳交	2
檢警	2
半夜	2
pm	2
直覺	2
朝向	2
直線	2
行長	2
取決	2
飾品	2
大連	2
標榜	2
長線	2
人際	2
理賠	2
全年	2
年薪	2
初次	2
無須	2
綁架	2
故鄉	2
約束	2
燈泡	2
抬頭	2
怪怪	2
立案	2
偷偷	2
大都	2
挪威	2
投放	2
氧化	2
世人	2
5成	2
抵押	2
抽驗	2
津貼	2
科研	2
學期	2
嘴巴	2
KB	2
週期	2
不動	2
光華	2
不敵	2
頂多	2
迫使	2
騎乘	2
試題	2
查處	2
信託	2
香水	2
直至	2
對照	2
時報	2
教材	2
異動	2
源自	2
畫家	2
忍受	2
融券	2
低檔	2
上期	2
乖乖	2
拍戲	2
塑造	2
跑道	2
注目	2
6萬	2
突發	2
巡邏	2
匯入	2
停課	2
小牛	2
小米	2
東亞	2
巨人	2
WD	2
交出	2
軍團	2
交割	2
短缺	2
卸任	2
斷裂	2
民警	2
土壤	2
穿梭	2
搜救	2
季線	2
熱賣	2
北方	2
乃至	2
不惜	2
尊嚴	2
檢調	2
奶奶	2
銜接	2
光纖	2
謠言	2
解鎖	2
投出	2
中科	2
開槍	2
浮現	2
物件	2
小微	2
拉高	2
起伏	2
人行	2
鋼材	2
銷貨	2
毆打	2
瓦斯	2
一陣	2
過剩	2
打進	2
紀律	2
輪圈	2
屍體	2
建物	2
容許	2
逢低	2
作文	2
切割	2
省份	2
皇帝	2
三菱	2
藉著	2
少見	2
婚紗	2
營建	2
金率	2
收納	2
鄭州	2
頭殼	2
活化	2
成大	2
詳見	2
污水	2
第十	2
蓬勃	2
溫柔	2
發育	2
腦部	2
封鎖	2
高市	2
西南	2
重創	2
風雲	2
飲用	2
敘述	2
儲值	2
推展	2
自已	2
機動	2
陸生	2
中山	2
授予	2
安定	2
喜劇	2
清查	2
少量	2
身亡	2
de	2
素人	2
寫作	2
走弱	2
校車	2
出處	2
正值	2
适應	2
餅乾	2
祝賀	2
助益	2
王國	2
畫作	2
火災	2
中興	2
省市	2
飆升	2
減速	2
跌勢	2
單反	2
整形	2
模範	2
健檢	2
LV	2
民宅	2
入市	2
列出	2
怎么	2
層級	2
開罰	2
影迷	2
業內	2
賣掉	2
八成	2
換取	2
大專	2
來得	2
外加	2
保安	2
初選	2
稅務	2
一如	2
版圖	2
傳到	2
贏球	2
it	2
追問	2
速率	2
手腳	2
奔馳	2
雨量	2
雨勢	2
1樓	2
利差	2
隔離	2
直徑	2
數千	2
議長	2
姊姊	2
咳嗽	2
盒子	2
儲蓄	2
誤解	2
3億	2
相簿	2
辣椒	2
缺貨	2
中性	2
上行	2
深厚	2
風采	2
議程	2
協同	2
並列	2
獅隊	2
甄選	2
療程	2
人道	2
前途	2
死因	2
雙人	2
濫用	2
減低	2
柔軟	2
南北	2
回國	2
華府	2
vs	2
陣子	2
緩和	2
招收	2
詐欺	2
深耕	2
桌布	2
4萬	2
殺害	2
福島	2
插入	2
無緣	2
賽場	2
投注	2
一兩	2
可憐	2
請見	2
be	2
汙染	2
好了	2
作物	2
笑話	2
找尋	2
雙贏	2
光伏	2
視角	2
倉位	2
甜點	2
容納	2
單日	2
敞篷	2
災民	2
換來	2
仰賴	2
外幣	2
野生	2
理事	2
滿載	2
開庭	2
美化	2
富人	2
短信	2
開花	2
撰文	2
離去	2
適逢	2
身穿	2
再現	2
總之	2
不予	2
動工	2
雖說	2
致使	2
二段	2
慣例	2
收縮	2
外在	2
電廠	2
士林	2
互信	2
特約	2
缺陷	2
外商	2
問問	2
四門	2
大街	2
抱持	2
搶攻	2
光明	2
有害	2
中年	2
服役	2
童話	2
傳球	2
超額	2
群益	2
小於	2
致命	2
收看	2
任命	2
龍年	2
西瓜	2
任內	2
跑出	2
幾十	2
共用	2
留給	2
自覺	2
開來	2
黨籍	2
金剛	2
底線	2
多餘	2
獲贈	2
橫向	2
低溫	2
王者	2
控告	2
4時	2
法師	2
構建	2
賽程	2
募款	2
行走	2
名次	2
商情	2
外地	2
聯名	2
無敵	2
來電	2
蘇丹	2
訂製	2
借助	2
體檢	2
nm	2
安徽	2
樣式	2
芬蘭	2
耀眼	2
註明	2
分球	2
憑藉	2
擬定	2
專人	2
良性	2
有錢	2
小區	2
走入	2
梯次	2
歸屬	2
中場	2
長江	2
承接	2
老爸	2
天王	2
續航	2
奮鬥	2
斥資	2
誘惑	2
南區	2
工地	2
特展	2
信念	2
評分	2
飼養	2
跳空	2
火熱	2
下鄉	2
七成	2
車重	2
深層	2
葡萄	2
及早	2
富士	2
光澤	2
日幣	2
過量	2
簽下	2
沿線	2
大氣	2
同胞	2
稅額	2
過濾	2
歌詞	2
張姓	2
客機	2
無形	2
來賓	2
肝炎	2
洗手	2
飆漲	2
地帶	2
客房	2
工厂	2
賠率	2
贏家	2
戴上	2
法治	2
收支	2
胎兒	2
實測	2
旅展	2
布料	2
競標	2
傳來	2
出走	2
復徵	2
到貨	2
農田	2
分工	2
分裂	2
GS	2
升至	2
怪獸	2
自助	2
最愛	2
意料	2
偷拍	2
編劇	2
直營	2
塑料	2
邊境	2
2時	2
典雅	2
忽然	2
戰勝	2
妥協	2
急診	2
油氣	2
捐出	2
悄悄	2
餐點	2
菜單	2
媲美	2
送回	2
造勢	2
注音	2
社工	2
警戒	2
跳出	2
新娘	2
罰金	2
起火	2
5億	2
租車	2
陸股	2
船隻	2
況且	2
彩票	2
壓抑	2
制服	2
大事	2
伴侶	2
補選	2
濕地	2
停工	2
南港	2
左手	2
數目	2
導遊	2
拆遷	2
轉述	2
護罩	2
年限	2
回流	2
上千	2
船員	2
延燒	2
節日	2
３０	2
之初	2
佩服	2
協理	2
打點	2
期權	2
搭上	2
電氣	2
爆出	2
偵訊	2
國泰	2
抗漲	2
賺到	2
顯見	2
阻塞	2
雜訊	2
精細	2
公投	2
掙扎	2
走私	2
堅固	2
別的	2
富邦	2
辦學	2
寫道	2
打扮	2
化身	2
不盡	2
不振	2
抨擊	2
眼淚	2
費城	2
別墅	2
水源	2
節約	2
表格	2
盜版	2
范圍	2
4成	2
投影	2
卡車	2
微幅	2
飽受	2
蒞臨	2
演技	2
徵才	2
公所	2
變換	2
單機	2
充沛	2
請教	2
淪為	2
五成	2
約會	2
規避	2
大腸	2
飽滿	2
濃郁	2
不准	2
譽為	2
大橋	2
遺失	2
頭銜	2
本體	2
2樓	2
省級	2
排出	2
長官	2
擴增	2
巨額	2
輕量	2
過癮	2
逃離	2
緋聞	2
年金	2
從不	2
衝刺	2
通往	2
打電	2
請洽	2
發聲	2
醞釀	2
店長	2
海邊	2
原味	2
公式	2
博客	2
擺放	2
虛寶	2
連同	2
招待	2
重度	2
早年	2
暫緩	2
兩萬	2
臺中	2
武俠	2
牠們	2
FM	2
歌聲	2
掉落	2
挫折	2
六速	2
參股	2
接触	2
姐妹	2
師大	2
激進	2
起碼	2
欠缺	2
長榮	2
流浪	2
雙門	2
機組	2
起跳	2
禮服	2
7成	2
子彈	2
國情	2
通關	2
義賣	2
古老	2
趁機	2
到時	2
區塊	2
施壓	2
宣言	2
講師	2
海灘	2
不清	2
強硬	2
拉抬	2
公允	2
處境	2
綻放	2
藍綠	2
震驚	2
配戴	2
香味	2
包圍	2
羈押	2
指甲	2
自願	2
中等	2
寬廣	2
羨慕	2
人大	2
權重	2
開季	2
備用	2
發掘	2
平民	2
熄火	2
動輒	2
先鋒	2
靜態	2
誤導	2
賣權	2
連拍	2
2.	2
損傷	2
天才	2
出院	2
合一	2
窘境	2
遺傳	2
穩固	2
專為	2
退役	2
古代	2
核能	2
花旗	2
AV	2
一連	2
急速	2
取勝	2
特此	2
過戶	2
罪名	2
航運	2
分派	2
警力	2
方針	2
獲准	2
感嘆	2
匿名	2
8成	2
忠實	2
倒閉	2
音頻	2
造假	2
獵人	2
排水	2
預報	2
速手	2
本益	2
親手	2
身手	2
善意	2
廉價	2
答覆	2
大錢	2
國旗	2
TW	2
勤務	2
導師	2
要點	2
求償	2
學業	2
矯正	2
管控	2
王姓	2
挑釁	2
風力	2
抵抗	2
回暖	2
買權	2
反復	2
原生	2
風災	2
老家	2
勝負	2
出訪	2
指向	2
試看	2
色系	2
新秀	2
谷底	2
後輪	2
出擊	2
名譽	2
長年	2
搭建	2
騷擾	2
長者	2
跳舞	2
轉入	2
一步	2
跨界	2
悠閒	2
漫長	2
財團	2
窗戶	2
飛往	2
懲罰	2
普京	2
勇奪	2
老翁	2
業餘	2
av	2
傾聽	2
授信	2
郵輪	2
感想	2
金幣	2
衰竭	2
盛事	2
座標	2
bt	2
席位	2
幼童	2
綁約	2
戰役	2
友誼	2
下架	2
重症	2
EX	2
區隔	2
兩三	2
分店	2
公測	2
重傷	2
北區	2
順差	2
報收	2
組建	2
素材	2
EV	2
海盜	2
拍出	2
調度	2
文藝	2
東風	2
機箱	2
階級	2
三千	2
三角	2
碰上	2
回穩	2
多空	2
公文	2
包裹	2
不俗	2
座艙	2
由此	2
充裕	2
書法	2
忙著	2
誠實	2
日韓	2
竊盜	2
貼圖	2
慶典	2
不顧	2
洗澡	2
試玩	2
民視	2
折合	2
下屬	2
平潭	2
左派	2
對立	2
植入	2
無罪	2
幕僚	2
強行	2
股民	2
外傳	2
技藝	2
黨委	2
椅子	2
穆迪	2
故宮	2
順勢	2
粽子	2
精進	2
駁回	2
多出	2
橫跨	2
圓形	2
童年	2
貨品	2
督導	2
收穫	2
當做	2
降為	2
離島	2
購置	2
成型	2
院會	2
五百	2
暴漲	2
財華	2
聯強	2
西區	2
病友	2
議價	2
阿扁	2
捷克	2
備案	2
雷達	2
取向	2
神舟	2
熱絡	2
大作	2
如期	2
迴避	2
宗旨	2
肝臟	2
為準	2
鳳梨	2
搭檔	2
遺體	2
日線	2
探視	2
接駁	2
清涼	2
取出	2
期指	2
3時	2
產銷	2
插孔	2
舉報	2
概率	2
錄製	2
新書	2
雕塑	2
正視	2
修護	2
水災	2
曼谷	2
睫毛	2
作風	2
檔期	2
廢棄	2
附贈	2
勢頭	2
常態	2
止跌	2
年終	2
師資	2
承襲	2
華語	2
減半	2
嘔吐	2
宣誓	2
報稅	2
花朵	2
天窗	2
屋主	2
簡歷	2
開唱	2
買方	2
親近	2
提倡	2
實機	2
6成	2
聲援	2
江西	2
儼然	2
銀河	2
季報	2
恆指	2
幹嘛	2
賺取	2
超乎	2
放進	2
十字	2
脖子	2
網拍	2
語文	2
連絡	2
低階	2
球團	2
XL	2
房企	2
同年	2
認養	2
字號	2
滑動	2
可得	2
2G	2
籌資	2
遠東	2
惠譽	2
花博	2
糾正	2
年年	2
HS	2
火鍋	2
火勢	2
邊框	2
時脈	2
鄉民	2
跟進	2
景色	2
原音	2
與否	2
休旅	2
自治	2
壓低	2
頸部	2
空白	2
下令	2
轉動	2
月租	2
毛額	2
稍後	2
優活	2
性價	2
機台	2
資質	2
細則	2
親人	2
期刊	2
核實	2
諷刺	2
確切	2
固然	2
霸氣	2
孫子	2
大利	2
不曾	2
三萬	2
禮品	2
冷凍	2
塞車	2
發給	2
逾期	2
倍增	2
犀利	2
爭相	2
冷卻	2
備戰	2
醬油	2
協力	2
美人	2
安慰	2
放開	2
應邀	2
濃濃	2
小三	2
寬度	2
穩步	2
轟動	2
專戶	2
校區	2
品嘗	2
地獄	2
加班	2
多變	2
羅技	2
實惠	2
大火	2
廣闊	2
暑期	2
散步	2
車牌	2
學系	2
結盟	2
加贈	2
指南	2
佛教	2
發病	2
甲級	2
陷阱	2
彩券	2
爭端	2
交手	2
老將	2
超薄	2
中外	2
崩潰	2
用藥	2
打折	2
去世	2
貧富	2
肩膀	2
1成	2
分組	2
遙控	2
失衡	2
失眠	2
放送	2
悠久	2
代為	2
不忘	2
交接	2
收斂	2
旺盛	2
多麼	2
相近	2
熱帶	2
防毒	2
環評	2
左轉	2
選區	2
泡湯	2
跨境	2
受災	2
空前	2
鎮長	2
加價	2
折價	2
陳男	2
月亮	2
耗費	2
慾望	2
好久	2
泡泡	2
數額	2
原諒	2
櫃檯	2
流線	2
正向	2
管線	2
主帥	2
永恆	2
直噴	2
開門	2
鼓舞	2
本金	2
順手	2
看板	2
守住	2
盲目	2
正規	2
身處	2
光驅	2
樓梯	2
公用	2
省委	2
談論	2
創投	2
技師	2
判刑	2
截圖	2
出示	2
側邊	2
平凡	2
登台	2
俄國	2
壞掉	2
女郎	2
納稅	2
疏失	2
博鰲	2
親臨	2
鐘錶	2
造車	2
完備	2
上型	2
跟上	2
适當	2
廠區	2
年線	2
政見	2
駭客	2
紮實	2
旋風	2
開店	2
妨害	2
山路	2
開立	2
阿公	2
眼球	2
自律	2
九二	2
地塊	2
啟發	2
牧場	2
權限	2
點綴	2
收獲	2
裝扮	2
著力	2
音訊	2
倒車	2
攝氏	2
內湖	2
意志	2
售出	2
智庫	2
接送	2
加倍	2
族人	2
張貼	2
請到	2
停滯	2
違背	2
郭穗	2
潛水	2
境內	2
稀有	2
參照	2
點名	2
尾聲	2
插上	2
貧窮	2
進修	2
未滿	2
露天	2
衝動	2
極力	2
鬥爭	2
保荐	2
時裝	2
豐厚	2
供需	2
型式	2
偏偏	2
新區	2
火警	2
陳沖	2
摩擦	2
開銷	2
山林	2
轉增	2
制訂	2
屠殺	2
憂鬱	2
征服	2
政壇	2
席次	2
煤礦	2
發覺	2
秋季	2
包膜	2
長途	2
會晤	2
城堡	2
象隊	2
親戚	2
投籃	2
名詞	2
圖騰	2
緊緊	2
法式	2
獲選	2
展會	2
特種	2
凍結	2
環島	2
離譜	2
康健	2
大喊	2
用料	2
樓盤	2
鐵道	2
人格	2
合力	2
名片	2
日立	2
樹立	2
投稿	2
驚奇	2
配對	2
神腦	2
月薪	2
美洲	2
聯通	2
保住	2
CP	2
老街	2
下山	2
蜂胶	2
水域	2
單筆	2
連敗	2
跌停	2
升學	2
四成	2
暴雨	2
溢價	2
FX	2
藉口	2
限期	2
預售	2
常規	2
時計	2
癱瘓	2
政大	2
投標	2
三百	2
親屬	2
最高	2
整頓	2
TI	2
上旬	2
力爭	2
調理	2
友邦	2
沒法	2
走跌	2
曲目	2
堅守	2
新片	2
手勢	2
支架	2
防衛	2
存貨	2
書寫	2
免稅	2
支柱	2
角質	2
揭幕	2
救濟	2
制止	2
上頭	2
不失	2
限額	2
給出	2
購票	2
檢修	2
屁股	2
巧思	2
淘寶	2
行進	2
無窮	2
郵局	2
連戰	2
點滴	2
盛開	2
宣判	2
清淡	2
關連	2
CC	2
網膜	2
跑步	2
點燃	2
承銷	2
水貨	2
溫室	2
牽動	2
六成	2
快艇	2
廢氣	2
一夜	2
疏散	2
改建	2
磋商	2
xp	2
中止	2
深具	2
影子	2
邀約	2
皮套	2
從前	2
化妝	2
面子	2
拉近	2
上萬	2
劑量	2
栽培	2
元首	2
前日	2
SZ	2
金星	2
登板	2
絕非	2
仲裁	2
輸球	2
CF	2
團長	2
趕上	2
大臣	2
輪廓	2
真情	2
轉往	2
暴跌	2
寧靜	2
電台	2
霧面	2
藉以	2
職權	2
防制	2
前科	2
請假	2
低開	2
專員	2
傳產	2
過渡	2
逛街	2
抉擇	2
案情	2
揚言	2
色澤	2
對接	2
樹木	2
高分	2
上車	2
增溫	2
倍數	2
樂器	2
NP	2
加密	2
秋天	2
愛護	2
必需	2
院士	2
未曾	2
架設	2
警報	2
八卦	2
將軍	2
新穎	2
滬指	2
趨於	2
跌倒	2
置身	2
包容	2
環比	2
吃完	2
高調	2
緣由	2
特首	2
壯大	2
監理	2
晚宴	2
遶境	2
抽菸	2
優勝	2
歌唱	2
藉此	2
開賽	2
債信	2
親愛	2
船長	2
不太	2
瑞銀	2
中壢	2
歡喜	2
救護	2
陸軍	2
特製	2
隔壁	2
就學	2
元月	2
僵局	2
套利	2
小鳥	2
坊間	2
感人	2
下探	2
內科	2
mp	2
均勻	2
鄉長	2
觀測	2
壓迫	2
BT	2
踏上	2
搬到	2
修飾	2
清華	2
調解	2
大甲	2
自認	2
五千	2
內褲	2
KD	2
防抖	2
擷取	2
課堂	2
節慶	2
左投	2
凡是	2
先天	2
菜色	2
郵報	2
菩薩	2
榜首	2
信件	2
讚賞	2
返家	2
優越	2
會館	2
相差	2
高貴	2
兩成	2
球衣	2
終究	2
輪流	2
沒用	2
警訊	2
手套	2
制約	2
迫切	2
頓時	2
廚師	2
刑法	2
公認	2
保值	2
奶油	2
偏鄉	2
內線	2
安卓	2
放映	2
目睹	2
回調	2
長假	2
渡假	2
言情	2
外洩	2
選秀	2
新春	2
DV	2
貪污	2
逐一	2
演藝	2
明細	2
兒女	2
翻轉	2
In	2
害羞	2
爺爺	2
勝投	2
血統	2
囊括	2
就近	2
無虞	2
摩根	2
老鷹	2
踏板	2
高山	2
作息	2
伸出	2
疑惑	2
河川	2
秒鐘	2
領隊	2
三峽	2
機油	2
不免	2
農地	2
退回	2
為首	2
真誠	2
元大	2
交鋒	2
黑人	2
膚色	2
不合	2
視聽	2
名校	2
一來	2
體貼	2
跨年	2
稅制	2
轉成	2
心思	2
信徒	2
哈佛	2
飲品	2
拓寬	2
來襲	2
參閱	2
前晚	2
路程	2
離子	2
失守	2
鍍鉻	2
互助	2
配額	2
車友	2
串連	2
無辜	2
白金	2
通緝	2
犯下	2
歸還	2
海面	2
瀑布	2
釣魚	2
辦案	2
地段	2
戒指	2
勞務	2
下場	2
售票	2
落成	2
力求	2
單親	2
沙發	2
名將	2
懷舊	2
尖端	2
氣流	2
告別	2
輪椅	2
沉穩	2
接聽	2
落地	2
失利	2
獅子	2
檔位	2
院方	2
紅燈	2
出事	2
減稅	2
背蓋	2
延期	2
外包	2
寶島	2
生死	2
卡機	2
天賦	2
回想	2
灰塵	2
博弈	2
火爆	2
獨具	2
戲院	2
喊話	2
日趨	2
古巴	2
緊繃	2
學界	2
紅包	2
拉長	2
看上	2
不了	2
論述	2
著眼	2
綜藝	2
升到	2
升幅	2
曙光	2
梅子	2
容器	2
穿過	2
感性	2
季增	2
低估	2
定存	2
職缺	2
救難	2
AF	2
隱憂	2
攻略	2
敲定	2
聽力	2
go	2
水面	2
裝修	2
閃耀	2
雞肉	2
手槍	2
擴建	2
br	2
斷層	2
投行	2
展演	2
層層	2
轉而	2
探險	2
出演	2
搬遷	2
馬祖	2
定點	2
5D	2
行事	2
輕盈	2
嚴密	2
圖表	2
推向	2
備有	2
貴族	2
年會	2
集資	2
傷心	2
親朋	2
好壞	2
前端	2
適量	2
隱含	2
言語	2
白酒	2
爭執	2
大笑	2
求學	2
收跌	2
推崇	2
油品	2
風電	2
低廉	2
盛行	2
查驗	2
中俄	2
出眾	2
觸感	2
感慨	2
偏多	2
總召	2
太少	2
報復	2
調價	2
真心	2
貓咪	2
真人	2
遙遠	2
加開	2
連日	2
策劃	2
取景	2
主觀	2
標語	2
福州	2
修理	2
林男	2
許久	2
五門	2
化為	2
發熱	2
巡航	2
開高	2
填補	2
分隊	2
榮幸	2
橫掃	2
批判	2
MS	2
吳姓	2
登革	2
九成	2
塗裝	2
破獲	2
媳婦	2
定制	2
紅酒	2
隱匿	2
步步	2
私有	2
良心	2
拿掉	2
小漲	2
as	2
整修	2
好笑	2
增大	2
申花	2
瞄準	2
療效	2
陰霾	2
蘭嶼	2
安南	2
網點	2
幾年	2
獲頒	2
接見	2
紅茶	2
脊椎	2
特惠	2
昏迷	2
髮型	2
花東	2
火花	2
殘酷	2
me	2
交警	2
同等	2
徘徊	2
樣品	2
欺騙	2
原定	2
寫入	2
水電	2
快點	2
另行	2
南瓜	2
績優	2
恆生	2
果汁	2
利器	2
半價	2
警惕	2
清醒	2
高喊	2
杜絕	2
大阪	2
直列	2
體型	2
十九	2
減免	2
救人	2
常識	2
快閃	2
SA	2
歷時	2
不解	2
吉他	2
丟掉	2
毫克	2
廢水	2
BB	2
焦距	2
鏈接	2
末日	2
菲國	2
保桿	2
若要	2
上攻	2
央企	2
扎實	2
使館	2
質地	2
尊榮	2
而後	2
機體	2
考上	2
火辣	2
寂寞	2
背心	2
萬達	2
南亞	2
特產	2
改制	2
隋棠	2
打響	2
保羅	2
誘因	2
錯失	2
合适	2
平行	2
萃取	2
氣球	2
燦爛	2
福斯	2
遊艇	2
店舖	2
過失	2
意向	2
排斥	2
貨運	2
海上	2
警車	2
拋售	2
狹窄	2
講到	2
淨額	2
頭皮	2
凈額	2
康復	2
吸睛	2
無不	2
醒來	2
面盤	2
膠原	2
鑲嵌	2
夜景	2
指針	2
可樂	2
my	2
公仔	2
下週	2
有益	2
字眼	2
開到	2
浴室	2
邊界	2
見解	2
靈敏	2
外海	2
主投	2
選取	2
肺炎	2
前值	2
誠品	2
送完	2
行貨	2
強震	2
賭場	2
贊同	2
警覺	2
富含	2
站台	2
士氣	2
刷新	2
變為	2
天文	2
進到	2
CX	2
大象	2
販毒	2
關口	2
塗鴉	2
接替	2
範疇	2
回廠	2
稅改	2
典藏	2
核發	2
前任	2
傷病	2
敗家	2
媒介	2
不捨	2
光榮	2
中立	2
路燈	2
北歐	2
家數	2
身障	2
千億	2
組隊	2
中日	2
逃避	2
職員	2
遇見	2
政院	2
含稅	2
任一	2
省長	2
交替	2
單曲	2
執著	2
茅台	2
慎重	2
頭腦	2
1時	2
出路	2
國語	2
祕書	2
直流	2
控球	2
紓解	2
現已	2
警消	2
風雨	2
安撫	2
乘員	2
建案	2
聚落	2
郵政	2
查到	2
失效	2
激增	2
MX	2
藍營	2
就任	2
買主	2
SP	2
陝西	2
換掉	2
核災	2
La	2
探訪	2
二壘	2
誘人	2
編碼	2
增發	2
消滅	2
倡導	2
兩千	2
內臟	2
驗出	2
引言	2
時鐘	2
月光	2
舞者	2
當月	2
圍觀	2
撞到	2
督促	2
個體	2
Go	2
抽中	2
毛孔	2
牛排	2
握手	2
裁決	2
租費	2
復發	2
企鵝	2
租稅	2
反之	2
淡定	2
酒吧	2
狗狗	2
初審	2
辯護	2
愛滋	2
整改	2
王品	2
合唱	2
間斷	2
聽見	2
鳳凰	2
敦促	2
拘留	2
愉悅	2
辛勞	2
不凡	2
腸胃	2
駕照	2
活絡	2
既定	2
山寨	2
走走	2
空方	2
戲碼	2
星星	2
司長	2
熱錢	2
口罩	2
有色	2
閃電	2
骨頭	2
恰恰	2
轉債	2
分辨	2
路透	2
侵襲	2
濾鏡	2
烹調	2
租屋	2
沙漠	2
約談	2
物體	2
轉身	2
何處	2
備詢	2
触摸	2
樣貌	2
負載	2
接力	2
罷工	2
同樂	2
充斥	2
項鍊	2
站穩	2
科系	2
漢堡	2
么樣	2
連動	2
想必	2
基建	2
觀感	2
靜脈	2
出頭	2
從頭	2
兩百	2
操縱	2
獨居	2
雕刻	2
致死	2
送達	2
高居	2
嚇到	2
樹林	2
拋出	2
爭論	2
構造	2
驚險	2
善良	2
主婦	2
勘查	2
外語	2
直呼	2
暴增	2
足足	2
票據	2
意象	2
雨水	2
毀滅	2
呵護	2
組別	2
淡淡	2
一帶	2
下周	2
顧慮	2
求婚	2
得標	2
放量	2
閃爍	2
身旁	2
懲處	2
換裝	2
陳列	2
肺癌	2
哪邊	2
份量	2
致意	2
衛冕	2
拉升	2
搶下	2
關島	2
高開	2
供稱	2
預言	2
描繪	2
臨近	2
官邸	2
創見	2
孔子	2
彙整	2
賓館	2
獲報	2
異國	2
帶出	2
行徑	2
進帳	2
過半	2
附帶	2
呼吁	2
相約	2
開局	2
分明	2
派系	2
施打	2
地步	2
壯觀	2
尊敬	2
腦袋	2
勳章	2
偏高	2
飲酒	2
測算	2
心願	2
小白	2
華裔	2
驗收	2
橋梁	2
樓層	2
整齊	2
決權	2
金山	2
遠程	2
柏忌	2
高架	2
辯稱	2
自用	2
幕後	2
時節	2
坎城	2
國光	2
開闢	2
堅實	2
破門	2
停放	2
連桿	2
限售	2
腿部	2
詩人	2
本業	2
軍艦	2
西洋	2
段落	2
預裝	2
遷移	2
反思	2
秀出	2
這兒	2
選情	2
百億	2
羅斯	2
減碼	2
履歷	2
球賽	2
為題	2
打下	2
社福	2
重生	2
交保	2
賭博	2
滿分	2
恆溫	2
公募	2
無私	2
打包	2
台糖	2
痛批	2
隨行	2
喝水	2
刮傷	2
錶盤	2
心意	2
籠罩	2
響起	2
何必	2
頭號	2
專程	2
國美	2
歷任	2
阿姨	2
迴轉	2
傻眼	2
磁碟	2
牛隊	2
名號	2
9成	2
珍藏	2
自訂	2
手筆	2
太子	2
保戶	2
濃縮	2
天價	2
三年	2
台日	2
福袋	2
置物	2
印證	2
發音	2
打數	2
公然	2
專車	2
陣線	2
不見	2
推翻	2
陰道	2
沉默	2
戒護	2
盈虧	2
倫理	2
毀損	2
早前	2
反轉	2
防滑	2
致敬	2
萬科	2
曼城	2
懷抱	2
小子	2
槍擊	2
富裕	2
每當	2
口氣	2
眼科	2
巷弄	2
雙色	2
聯誼	2
昆蟲	2
端子	2
抗拒	2
觀音	2
剪裁	2
北約	2
肉類	2
番茄	2
車窗	2
解開	2
TX	2
雙層	2
前身	2
奇美	2
抵制	2
天災	2
查扣	2
減排	2
雪山	2
巨蛋	2
深感	2
醜聞	2
清水	2
外掛	2
鋼彈	2
預覽	2
云南	2
品項	2
美東	2
轉機	2
中級	2
排變	2
心肌	2
變大	2
串聯	2
兌現	2
劉翔	2
拉到	2
低音	2
邪惡	2
手腕	2
燈號	2
就診	2
牆壁	2
上檔	2
仁寶	2
玩偶	2
跌深	2
出品	2
稅金	2
人手	2
試算	2
腹瀉	2
欣慰	2
熱度	2
無償	2
右轉	2
原訂	2
炎熱	2
育兒	2
發自	2
分化	2
打字	2
沿用	2
外遇	2
展區	2
蘭花	2
政協	2
允諾	2
迫害	2
法網	2
身兼	2
滲透	2
屬實	2
察覺	2
降落	2
止損	2
差價	2
蘇宁	2
逼真	2
中途	2
坍方	2
航行	2
拖延	2
勝選	2
武力	2
前置	2
動搖	2
RX	2
電洽	2
站長	2
3樓	2
車商	2
存量	2
嫌疑	2
財物	2
王牌	2
訂價	2
興業	2
八十	2
發揚	2
買單	2
大勝	2
感官	2
獻上	2
比方	2
班次	2
精簡	2
分支	2
轉戰	2
魔力	2
辭去	2
中和	2
等候	2
體感	2
素養	2
WM	2
面額	2
義工	2
吸毒	2
遴選	2
檸檬	2
年產	2
攜式	2
賣方	2
學士	2
星際	2
牛棚	2
噁心	2
自備	2
訂出	2
嘉實	2
追平	2
昆明	2
建言	2
成像	2
休眠	2
旋律	2
tv	2
8萬	2
淡化	2
北投	2
曼聯	2
尾翼	2
藍天	2
預留	2
老伯	2
大馬	2
脾氣	2
伍茲	2
踏入	2
攔截	2
分批	2
造業	2
我方	2
看護	2
留住	2
黨派	2
中海	2
桿菌	2
恐龍	2
衝撞	2
乳液	2
勉勵	2
擅自	2
高職	2
貨櫃	2
人頭	2
放上	2
進貨	2
張力	2
勝過	2
華為	2
佛山	2
重型	2
授課	2
栽種	2
蜂蜜	2
國度	2
燈具	2
果實	2
直航	2
聽聽	2
幫派	2
新政	2
賣超	2
立足	2
遞交	2
決算	2
格鬥	2
足跡	2
軟禁	2
闡述	2
征戰	2
拉出	2
基測	2
核查	2
呼聲	2
音箱	2
處方	2
風範	2
庇護	2
平手	2
演變	2
補上	2
試車	2
賞車	2
耗資	2
喚醒	2
洋溢	2
橋樑	2
交車	2
No	2
三段	2
國片	2
定向	2
試辦	2
郊區	2
自費	2
健診	2
薄弱	2
下水	2
蟬聯	2
星空	2
綠地	2
空檔	2
TB	2
奇妙	2
保管	2
傾銷	2
擁擠	2
毛巾	2
轉檔	2
橘色	2
擔綱	2
無縫	2
漁港	2
難關	2
公示	2
遺忘	2
大局	2
庫克	2
皇馬	2
入園	2
文獻	2
耕耘	2
情景	2
加溫	2
電線	2
匯集	2
客氣	2
檳榔	2
閉幕	2
人妻	2
US	2
初衷	2
同日	2
放假	2
三國	2
細部	2
捐助	2
點點	2
閃亮	2
喪生	2
決戰	2
長效	2
燈會	2
訪視	2
差額	2
港澳	2
一動	2
批復	2
直銷	2
西北	2
瘦身	2
GF	2
主隊	2
陽台	2
原裝	2
賣點	2
配送	2
猛烈	2
偶然	2
聯網	2
首演	2
DM	2
挽救	2
研習	2
循線	2
i5	2
高昂	2
房地	2
口服	2
打線	2
議場	2
退稅	2
內文	2
慘遭	2
暢遊	2
牌照	2
熟知	2
潛能	2
應屆	2
退化	2
存活	2
灌溉	2
仲介	2
談起	2
做工	2
頭球	2
忍者	2
深遠	2
法制	2
照樣	2
復合	2
桌子	2
上空	2
委任	2
批次	2
父子	2
開頭	2
收拾	2
支票	2
縣民	2
奇偶	2
名叫	2
講解	2
舒适	2
升格	2
為例	2
三地	2
寬帶	2
TT	2
借用	2
華南	2
造福	2
電纜	2
人脈	2
特意	2
年頭	2
指派	2
源於	2
劉姓	2
冰島	2
購機	2
上榜	2
觀摩	2
挽回	2
CB	2
頻傳	2
部件	2
搭機	2
迷思	2
插座	2
土城	2
叔叔	2
否定	2
黨政	2
地域	2
東森	2
失分	2
不致	2
低落	2
極本	2
眾生	2
沙拉	2
巴薩	2
概況	2
星海	2
午盤	2
祈求	2
大呼	2
滿貫	2
魔幻	2
燃氣	2
寧願	2
春訓	2
換到	2
肝癌	2
救出	2
廟宇	2
門牌	2
幾百	2
捐血	2
暖化	2
房東	2
反省	2
事態	2
首映	2
採集	2
攤販	2
交談	2
醫保	2
星球	2
巡演	2
拋棄	2
歷來	2
漫遊	2
逐季	2
頒布	2
停班	2
硬是	2
格力	2
黃河	2
新光	2
著稱	2
震災	2
幹線	2
實時	2
網誌	2
方正	2
反駁	2
有史	2
遠見	2
美商	2
轉帳	2
喚起	2
化名	2
存有	2
五萬	2
預見	2
挑剔	2
保暖	2
危及	2
裝設	2
高空	2
鮮豔	2
前代	2
串流	2
５月	2
轉強	2
沮喪	2
近乎	2
深處	2
防線	2
致贈	2
濱海	2
南科	2
雄厚	2
松下	2
王淵	2
支配	2
截然	2
塗抹	2
寫信	2
用意	2
倒地	2
雙眼	2
工場	2
光環	2
4億	2
排序	2
返鄉	2
戰局	2
韭菜	2
美妝	2
推手	2
歸隊	2
長程	2
原地	2
冒出	2
年份	2
表彰	2
荔枝	2
對上	2
禮貌	2
好運	2
答詢	2
車票	2
店裡	2
小腿	2
退伍	2
檯面	2
DJ	2
不服	2
碎片	2
查明	2
凍漲	2
鴛鴦	2
上級	2
殺死	2
佳節	2
解約	2
城區	2
分解	2
晚報	2
富翁	2
隱患	2
TF	2
基調	2
WP	2
LP	2
八八	2
估價	2
美眉	2
行庫	2
CS	2
噴射	2
鳥類	2
侵蝕	2
空機	2
板凳	2
花花	2
試乘	2
聲勢	2
質押	2
稍稍	2
化療	2
竊取	2
禮包	2
比喻	2
放在	2
教養	2
操駕	2
低潮	2
內側	2
劣勢	2
工行	2
包辦	2
廢除	2
銳利	2
心疼	2
基數	2
證人	2
換貨	2
老是	2
搬家	2
收紅	2
四肢	2
獎牌	2
條約	2
佈置	2
實況	2
招呼	2
貫穿	2
服刑	2
上街	2
追捧	2
親民	2
妨礙	2
容積	2
出線	2
收件	2
獨創	2
膚質	2
沿岸	2
膀胱	2
up	2
用量	2
保母	2
大亨	2
藥師	2
看診	2
巧合	2
工時	2
礙於	2
走升	2
偏離	2
時數	2
海運	2
今夏	2
遲緩	2
罷免	2
守備	2
票數	2
建筑	2
乏力	2
共鳴	2
振奮	2
鑑於	2
台資	2
小路	2
好人	2
晨星	2
秘訣	2
寺廟	2
收復	2
通風	2
件數	2
時點	2
下課	2
大半	2
車程	2
奶茶	2
北上	2
交戰	2
通告	2
糖果	2
諮商	2
開戶	2
壓器	2
小將	2
字型	2
風口	2
林口	2
重演	2
成真	2
屢屢	2
國手	2
靜音	2
受阻	2
緩緩	2
華東	2
好心	2
摧毀	2
成行	2
擋風	2
市況	2
老牌	2
靜止	2
削弱	2
辦事	2
生成	2
詳盡	2
暱稱	2
恰當	2
尺度	2
混淆	2
大海	2
設廠	2
同性	2
皇后	2
車位	2
下限	2
高三	2
輕重	2
烘焙	2
放眼	2
DX	2
溪水	2
下巴	2
中信	2
捐給	2
帆船	2
名氣	2
年率	2
隔夜	2
抄襲	2
早晨	2
對稱	2
圓山	2
限度	2
頂端	2
切勿	2
用以	2
小偷	2
笑稱	2
用水	2
說起	2
姑娘	2
清明	2
緩刑	2
字母	2
跨足	2
欠佳	2
古道	2
盈率	2
沖繩	2
下落	2
法則	2
佔據	2
補強	2
投下	2
口徑	2
旗幟	2
寄送	2
稱呼	2
武將	2
落敗	2
隨處	2
青海	2
彈道	2
繁殖	2
樂見	2
怠速	2
後宮	2
鈔票	2
金馬	2
泡麵	2
產學	2
代購	2
寶物	2
角膜	2
降臨	2
前輪	2
放慢	2
反攻	2
回味	2
頭獎	2
退費	2
走來	2
鬆綁	2
負起	2
訪查	2
搶走	2
銷毀	2
AG	2
反射	2
圖檔	2
加緊	2
喊出	2
悲傷	2
分發	2
情趣	2
餵食	2
樂隊	2
聲響	2
稅負	2
超速	2
親眼	2
未知	2
信譽	2
京都	2
UI	2
來訪	2
糾結	2
暴利	2
量縮	2
桃猿	2
作案	2
得意	2
席捲	2
評為	2
單單	2
3.	2
接班	2
杯葛	2
話說	2
留念	2
出海	2
移到	2
遺址	2
激安	2
圓夢	2
寶來	2
闖入	2
獎盃	2
替換	2
放手	2
抽籤	2
嚮往	2
鉅亨	2
資歷	2
精油	2
下海	2
走紅	2
出乎	2
久久	2
低頭	2
自創	2
繁忙	2
拼命	2
切片	2
轉發	2
抽樣	2
句點	2
骨骼	2
誠摯	2
不治	2
SL	2
跳脫	2
步調	2
綠化	2
灰熊	2
輪值	2
趕往	2
幫手	2
大行	2
生前	2
走秀	2
占到	2
哺乳	2
皮帶	2
礦產	2
６月	2
聲控	2
樂迷	2
蒐證	2
文宣	2
位列	2
To	2
埔里	2
提取	2
回避	2
操刀	2
雙腳	2
殭屍	2
中歐	2
彈簧	2
左翼	2
抗跌	2
雪梨	2
署立	2
氣門	2
匯出	2
自手	2
寄出	2
皮衣	2
讚嘆	2
編織	2
吸金	2
租用	2
兔子	2
點子	2
病史	2
隔年	2
咱們	2
占有	2
接管	2
變相	2
研勤	2
當季	2
調動	2
洪水	2
大頭	2
香氛	2
衝上	2
皮夾	2
被害	2
艱辛	2
倉儲	2
堆積	2
遊樂	2
主嫌	2
nb	2
順應	2
XX	2
小熊	2
具名	2
底層	2
地毯	2
１０	2
華義	2
la	2
打給	2
重拾	2
RV	2
大牌	2
詬病	2
失落	2
歐冠	2
打死	2
漫步	2
家戶	2
sh	2
影集	2
師父	2
全然	2
選股	2
螺栓	2
風靡	2
傳給	2
命題	2
互補	2
圓潤	2
郵寄	2
公道	2
自結	2
粗糙	2
蘇聯	2
傷者	2
薄膜	2
補給	2
帥哥	2
服藥	2
寒冬	2
推遲	2
當面	2
玉山	2
陣頭	2
打去	2
帶入	2
車艙	2
報銷	2
大片	2
盲人	2
採收	2
瀕臨	2
購房	2
準時	2
婚宴	2
革新	2
定讞	2
捷徑	2
減資	2
休養	2
美濃	2
抽檢	2
梗塞	2
鎮壓	2
監察	2
色素	2
背負	2
協作	2
好聽	2
口頭	2
成形	2
列席	2
下達	2
刊載	2
廣發	2
短褲	2
吵架	2
東海	2
打拼	2
主線	2
三樓	2
蒙古	2
圓圓	2
製錶	2
DS	2
世貿	2
佳作	2
心血	2
香菇	2
中區	2
歐式	2
以期	2
班級	2
拍片	2
首播	2
火山	2
大額	2
埋伏	2
尾燈	2
女嬰	2
關門	2
風華	2
AA	2
高球	2
看重	2
加薪	2
反光	2
溼地	2
煙草	2
財力	2
尖峰	2
包款	2
大蒜	2
起家	2
拔掉	2
追溯	2
募資	2
承壓	2
寄給	2
中資	2
大為	2
氣味	2
美妙	2
鋼筋	2
待命	2
獻給	2
方塊	2
北縣	2
影帝	2
撤出	2
一味	2
滋潤	2
首戰	2
逃生	2
下殺	2
耗時	2
流血	2
吃力	2
做完	2
剝奪	2
傲人	2
阿妹	2
顧及	2
烏龍	2
係數	2
季軍	2
相符	2
招股	2
免除	2
中繼	2
一審	2
補足	2
長春	2
看準	2
上身	2
真愛	2
收高	2
沒錯	2
模塊	2
簽字	2
形同	2
對付	2
小豬	2
擠壓	2
意涵	2
機電	2
輕度	2
逛逛	2
建行	2
遞延	2
控衛	2
BR	2
航點	2
免於	2
打印	2
貪腐	2
罰單	2
試過	2
新藥	2
台詞	2
海豚	2
滿額	2
援引	2
捨棄	2
綿密	2
互利	2
逃亡	2
神情	2
傭金	2
腸道	2
戀人	2
木雕	2
藍圖	2
嗆聲	2
隱瞞	2
停火	2
送交	2
蔡姓	2
巔峰	2
綽號	2
菲方	2
籌組	2
寫出	2
大賞	2
修補	2
樂意	2
進食	2
穿搭	2
檢疫	2
大肆	2
璀璨	2
走廊	2
眷村	2
光影	2
浪潮	2
貸與	2
附設	2
印有	2
改以	2
孤獨	2
復活	2
禮遇	2
控訴	2
置換	2
草原	2
產物	2
毒性	2
七十	2
看守	2
神明	2
大溪	2
類比	2
殯葬	2
介意	2
占用	2
遼宁	2
大礙	2
循跡	2
機板	2
水手	2
念書	2
失調	2
標竿	2
巨型	2
傳喚	2
逆差	2
學區	2
木材	2
碼錶	2
Le	2
華僑	2
鑑于	2
刷機	2
小覷	2
轉化	2
擺設	2
救治	2
臉色	2
調薪	2
標記	2
信眾	2
收黑	2
避難	2
低速	2
鏡子	2
人像	2
美林	2
解散	2
攤商	2
湧現	2
否決	2
親情	2
火線	2
黨內	2
波及	2
緣故	2
娘家	2
縱使	2
錄制	2
作動	2
被捕	2
比價	2
小城	2
量測	2
尊貴	2
心愛	2
南都	2
交錯	2
國庫	2
回文	2
網咖	2
燒錄	2
出庭	2
為此	2
興櫃	2
射門	2
談及	2
搶劫	2
托管	2
樂於	2
麻醉	2
坪數	2
美腿	2
玩笑	2
熬夜	2
奇異	2
起初	2
求診	2
演戲	2
右鍵	2
無言	2
才華	2
關愛	2
息息	2
雙卡	2
矽品	2
自營	2
單人	2
台廠	2
流域	2
折磨	2
雨衣	2
胃口	2
毛病	2
遏制	2
家居	2
揣測	2
有空	2
相遇	2
注冊	2
墜落	2
承包	2
領到	2
電訊	2
偏弱	2
紅心	2
出力	2
多彩	2
出錯	2
反饋	2
搶修	2
有序	2
槍枝	2
紅線	2
率團	2
中標	2
出差	2
競速	2
佔有	2
雅典	2
廠家	2
定速	2
躋身	2
追隨	2
綜指	2
外長	2
拉美	2
素食	2
躲避	2
置入	2
熱議	2
還款	2
節節	2
緯創	2
拆解	2
輕便	2
影院	2
展售	2
遏止	2
落底	2
迎合	2
保本	2
縱橫	2
詭異	2
熱衷	2
耶誕	2
實話	2
首獎	2
調配	2
叮嚀	2
沸騰	2
轉接	2
上報	2
拿走	2
不好	2
待在	2
可疑	2
扣款	2
口角	2
外援	2
飽和	2
TG	2
推介	2
牽涉	2
叢林	2
表述	2
盛況	2
潰瘍	2
此刻	2
饅頭	2
獨到	2
翅膀	2
宅男	2
憑著	2
交投	2
序列	2
未婚	2
歡呼	2
點出	2
計有	2
復仇	2
隸屬	2
門戶	2
交貨	2
房租	2
開學	2
防盜	2
一級	2
間諜	2
通勤	2
賓客	2
翻身	2
斷線	2
吃緊	2
同一	2
億萬	2
交互	2
範例	2
後天	2
打通	2
平順	2
慘重	2
中秋	2
打成	2
弊案	2
拆開	2
中式	2
落入	2
模具	2
插頭	2
杜比	2
都會	2
下檔	2
出沒	2
分佈	2
香草	2
悠遊	2
公視	2
擦拭	2
用完	2
飛航	2
互聯	2
接續	2
滾動	2
端午	2
摸索	2
護盤	2
盛宴	2
香料	2
淨化	2
NO	2
財年	2
相傳	2
上看	2
改採	2
收成	2
反抗	2
預備	2
年化	2
挺進	2
韓寒	2
波音	2
誓言	2
禮堂	2
細細	2
單場	2
稅後	2
莫名	2
出於	2
飆高	2
喬丹	2
餐館	2
管轄	2
結帳	2
波幅	2
狗仔	2
委外	2
激戰	2
纜車	2
本田	2
落網	2
酵素	2
次於	2
注資	2
寧可	2
農戶	2
老店	2
坦白	2
聽聞	2
生下	2
西元	2
螢光	2
電競	2
月子	2
套用	2
力氣	2
見諒	2
採行	2
聖火	2
當紅	2
皮球	2
課業	2
變色	2
女裝	2
撥號	2
大軍	2
磁區	2
打來	2
國慶	2
生機	2
不懈	2
果真	2
試行	2
虐待	2
問及	2
王道	2
議論	2
GE	2
女方	2
置業	2
翻天	2
相隔	2
儀表	2
現正	2
占地	2
日光	2
位子	2
尿布	2
良機	2
轉進	2
個個	2
停靠	2
收受	2
工學	2
藍籌	2
舊款	2
抗衡	2
溜馬	2
花海	2
養豬	2
投書	2
運勢	2
儘早	2
榜單	2
珠海	2
減倉	2
勞資	2
引人	2
總處	2
版友	2
病因	2
中鋒	2
重金	2
攻防	2
自豪	2
開球	2
伸展	2
關西	2
蘊含	2
遙遙	2
紅毯	2
愜意	2
疲憊	2
日出	2
轉虧	2
釋手	2
外流	2
抽查	2
醒目	2
盡速	2
東南	2
子孫	2
合身	2
倉量	2
干涉	2
魚類	2
當期	2
實戰	2
油田	2
擋住	2
搶進	2
爆紅	2
戛納	2
開戰	2
學長	2
感測	2
尖叫	2
銅價	2
人命	2
內斂	2
閃光	2
東盟	2
婚後	2
猴子	2
送去	2
上盒	2
英超	2
演進	2
平息	2
行蹤	2
純淨	2
山水	2
照射	2
領獎	2
輩子	2
現役	2
黃豆	2
平淡	2
侷限	2
青蛙	2
匯流	2
侵入	2
科幻	2
加護	2
減產	2
門店	2
擔當	2
水量	2
布置	2
充當	2
賣到	2
制式	2
實物	2
氣憤	2
高雅	2
開朗	2
肩負	2
徠卡	2
福音	2
有沒	2
長沙	2
刻板	2
聯屬	2
台銀	2
熱忱	2
箱子	2
延宕	2
配息	2
退還	2
去處	2
基板	2
用上	2
陽明	2
解惑	2
抓緊	2
據稱	2
硬化	2
一心	2
掛上	2
抓獲	2
持久	2
R.	2
no	2
發問	2
案發	2
語氣	2
取材	2
占比	2
助力	2
厚實	2
渡過	2
任選	2
翻紅	2
職籃	2
焚燒	2
飢餓	2
沐浴	2
開玩	2
旅途	2
轉折	2
專頁	2
戰火	2
尋常	2
銳減	2
紛爭	2
成名	2
豆漿	2
弱點	2
試射	2
主計	2
一頁	2
字幕	2
人意	2
小兒	2
展期	2
地瓜	2
物種	2
訂做	2
雇用	2
破發	2
田徑	2
底價	2
使出	2
武術	2
指點	2
驅逐	2
私營	2
實境	2
卡住	2
逗趣	2
特寫	2
厚重	2
乙烯	2
手部	2
跌到	2
捲入	2
過重	2
中古	2
小站	2
助陣	2
NX	2
無能	2
訝異	2
無視	2
地力	2
麻痺	2
２５	2
地價	2
開除	2
市話	2
巴爾	2
聽覺	2
鬧鐘	2
撥款	2
聲望	2
結晶	2
重鎮	2
早晚	2
試聽	2
開采	2
放松	2
講求	2
牧師	2
二審	2
禁忌	2
聽證	2
琉球	2
傢伙	2
善盡	2
李娜	2
鼠標	2
及格	2
預繳	2
奧迪	2
道地	2
顆粒	2
閃燈	2
企穩	2
打動	2
不平	2
承載	2
尿液	2
原型	2
制藥	2
細微	2
外媒	2
平平	2
口水	2
數萬	2
時髦	2
搖晃	2
熱水	2
之一	2
多頭	2
徵選	2
陽春	2
拿回	2
暖身	2
袋子	2
頂樓	2
台獨	2
面具	2
搖頭	2
dw	2
子弟	2
輕快	2
陰謀	2
休憩	2
限購	2
擠進	2
才藝	2
合乎	2
偏空	2
活性	2
烤肉	2
肥料	2
兼職	2
豬農	2
新歌	2
移交	2
健行	2
村落	2
拉鍊	2
液體	2
激素	2
殘障	2
狂飆	2
欺負	2
加成	2
汽缸	2
減量	2
軍演	2
輸送	2
遜色	2
混搭	2
廣藥	2
村里	2
奮力	2
激起	2
發稿	2
VR	2
吸入	2
習俗	2
頂部	2
後盾	2
執業	2
男士	2
對談	2
新進	2
懶得	2
轉趨	2
海巡	2
調味	2
戶數	2
奮戰	2
占領	2
戶口	2
楊姓	2
慰問	2
大洋	2
住所	2
說來	2
濃煙	2
裁罰	2
稽徵	2
緊湊	2
施展	2
忠孝	2
犯行	2
藥廠	2
人壽	2
賽前	2
an	2
稻米	2
置於	2
趨向	2
重復	2
結石	2
暢通	2
