title	id	length
韓国外相、仲裁委設置応ぜず 元徴用工問題、河野外相	jp 0	26
児相 子ども返せと数時間罵倒も (2019年5月24日掲載	jp 1	30
関東の週間 5月としては 経験したことのない暑さに(日直予報士 2019年05月24日) - 日本気象協会 tenki.j	jp 2	62
池袋事故の元院長４月新車購入検討、操作ミス否定 - 社	jp 3	28
インド市場の優勢に注目!インド株式ETFや関連銘柄は	jp 4	27
丸山氏、国後島で「飲みに出るぞ」 職員に制止され騒	jp 5	26
事件の夜、「痛い」と悲鳴＝暴行受けた被害男性か－品川老人ホーム殺人・警視	jp 6	37
上西小百合 長谷川豊氏の部落差別発言で維新の対応を「最低最悪」と批判（東スポWeb	jp 7	42
涙の妻、病院で「起きて」…出勤２時間後の悲	jp 8	22
スパコン「京」後継機の「富岳」が狙う世界一はあの分	jp 9	26
英メイ首相、辞意表明へ EU離脱の混乱引責 現地報	jp10	26
韓国紙、河野外相と間違えて「別人」写真掲載 本人も「俺、もっと全然カッコいい	jp11	39
「日本企業の判決履行、何の問題もない」韓国外務	jp12	24
欧州議会選、投票始まる＝英国、オランダか	jp13	21
マツダ、「MAZDA3」を発売。深化した魂動デザイン初の量産モデ	jp14	33
Facebook、6カ月で30億件超の偽アカウントを削除（CNET Japan	jp15	40
英アームとの取引停止問題、解決可能＝ファーウェ	jp16	24
原油先物が急落、今年最大の下げ－米中貿易巡る懸念	jp17	25
新型携帯ゲーム機「Playdate」発表！年末から受注開始ー黄色のボディとクランクが可愛	jp18	45
GitHubでクラウドファンディングができる「GitHub Sponsors」がスター	jp19	44
任天堂のスマホ向け「マリオカート」、片手の操作性洗	jp20	26
MacかWindowsか？ 選ぶときに考えたい6つのこ	jp21	28
チームＡ先輩２人が川栄李奈の「愛されキャラ」象	jp22	24
「死ぬこと以外かすり傷」ではかなわな	jp23	19
吉沢亮、口元にチョコを付けて…“国宝級”のあざとい表情で魅	jp24	30
Ｋｏｋｉ，、蜷川実花氏が絶賛「世界レベルの存在感	jp25	25
ホンダ | 2019年 F1モナコGP 木曜フリー走行レポー	jp26	31
田川痛恨OGも“ハマのプリンス”山田が同点ゴール!! U-20日本代表、南米王者と決死のドロー | ゲキサ	jp27	54
【MLB】快投の田中将大、抜群の反応で164キロ打球“直撃”に対応 米メディア「また恐怖」（Full-Count	jp28	57
井上尚弥、全階級最強ランキングで４位に浮上 米ＥＳＰＮがロドリゲス戦を評価／ＢＯ	jp29	41
「華為非常危險」 川普：貿易戰可能很快會結	tw 0	26
LIVE／亞洲首對同志婚登場！北市破百對同婚伴侶搶頭香登	tw 1	30
民調指定韓國瑜 知情人士：蔡英文陣營指定	tw 2	62
雨來了！4縣市大雨特報 鋒面接力下波「似典型梅雨」│TVBS新聞	tw 3	28
韓國瑜將克服帶職參選 心裡已有市長人	tw 4	27
搶一早登記同志婚！陳雪：辦手續只要3分鐘，我們卻走了10	tw 5	26
又搬出另一武器 美政府擬對本幣幣值低估國家加徵關	tw 6	37
回心轉意？薩爾瓦多準副總統：不排除與台恢復邦交可能	tw 7	42
回應黃光芹「花天」說韓國瑜：睡前念心經- 政	tw 8	22
【全球名家瞭望】美中冷戰將帶來分裂世界的全球後果| 國際評論| 會員專	tw 9	26
領先全球台積電7奈米製程量產僅花3個	tw10	26
夏普停止富士康化，將配合華為禁售	tw11	39
台積續出貨華為 本季財測不	tw12	24
華為在台也要掰掰了？台灣五大電信都說賣完就無限期停售	tw13	21
《仁王 2》將於 5 月 24 日在 PS4 展開封閉測	tw14	33
歐美版魔物獵人《Dauntless》今上線，免費且支援跨平台進	tw15	40
KOEI TECMO 釋出《鍊金工房》團隊GUST 新作預告影片預定28 日揭曉下一波消	tw16	24
《碧血狂殺2》線上模式：全新浪跡模式任務，包括黑衣蓓爾、賽蒂、杰克‧亞德	tw17	25
彩虹同婚／同志好友離台結婚15年 郭彥甫：他很想回	tw18	45
以為是肌肉痛！宇多田光「驚患罕病	tw19	44
《黑澀會》女星穿這樣逛超市網一看暴動「母湯喔	tw20	26
辣模坎城紅毯一個轉身…禮服下滑！2點乳暈看	tw21	28
NBA／暴龍雷納德35分逆襲 105:99三連勝公鹿聽	tw22	24
蘇迪曼盃》戴資穎大戰19歲小將8強賽對戰名單出爐	tw23	19
中職／持續「超車」兄弟 猿率先20	tw24	30
蘇迪曼盃》拒當安世英拍下魂！依瑟儂領泰國晉4	tw25	25
不要再亂傳了！ 每天一顆雞蛋「並不會」中	tw26	31
20%的癌症是由病毒與細菌引發的，這5種特別「癌」	tw27	54
10種「超級食物」 提高身體免疫力別錯過(組圖) - 療養保	tw28	57
為何血糖低、頭暈時，吃巧克力和麵包沒有用？醫師的救急建議，人人都該記下來	tw29	41
